INSERT INTO virtuallabs.course (id, enabled, full_name, max_size_team, min_size_team, vm_model_path)
VALUES ('c1', true, 'Internet Applications', 500, 1, null);
INSERT INTO virtuallabs.course (id, enabled, full_name, max_size_team, min_size_team, vm_model_path)
VALUES ('c2', true, 'Mobile Development', 500, 1, null);
INSERT INTO virtuallabs.course (id, enabled, full_name, max_size_team, min_size_team, vm_model_path)
VALUES ('c3', true, 'System and device programming', 500, 1, null);
INSERT INTO virtuallabs.course (id, enabled, full_name, max_size_team, min_size_team, vm_model_path)
VALUES ('c4', true, 'Software Engineering I', 500, 1, null);
INSERT INTO virtuallabs.course (id, enabled, full_name, max_size_team, min_size_team, vm_model_path)
VALUES ('c5', true, 'Software Engineering II', 500, 1, null);
INSERT INTO virtuallabs.course (id, enabled, full_name, max_size_team, min_size_team, vm_model_path)
VALUES ('c6', false, 'Test: Disabled Course', 500, 1, null);
INSERT INTO virtuallabs.course (id, enabled, full_name, max_size_team, min_size_team, vm_model_path)
VALUES ('c7', true, 'Test: min3 max5', 5, 3, null);
INSERT INTO virtuallabs.course_student (courses_id, students_id)
VALUES ('c4', 111111);
INSERT INTO virtuallabs.course_student (courses_id, students_id)
VALUES ('c5', 2);
INSERT INTO virtuallabs.course_student (courses_id, students_id)
VALUES ('c5', 102);
INSERT INTO virtuallabs.course_student (courses_id, students_id)
VALUES ('c5', 104);
INSERT INTO virtuallabs.course_student (courses_id, students_id)
VALUES ('c5', 110);
INSERT INTO virtuallabs.course_student (courses_id, students_id)
VALUES ('c5', 222222);
INSERT INTO virtuallabs.course_student (courses_id, students_id)
VALUES ('c7', 100);
INSERT INTO virtuallabs.course_student (courses_id, students_id)
VALUES ('c7', 101);
INSERT INTO virtuallabs.course_student (courses_id, students_id)
VALUES ('c7', 102);
INSERT INTO virtuallabs.course_student (courses_id, students_id)
VALUES ('c7', 103);
INSERT INTO virtuallabs.course_student (courses_id, students_id)
VALUES ('c7', 104);
INSERT INTO virtuallabs.course_student (courses_id, students_id)
VALUES ('c7', 110);
INSERT INTO virtuallabs.course_student (courses_id, students_id)
VALUES ('c7', 333333);
INSERT INTO virtuallabs.course_student (courses_id, students_id)
VALUES ('c1', 1);
INSERT INTO virtuallabs.course_student (courses_id, students_id)
VALUES ('c1', 2);
INSERT INTO virtuallabs.course_student (courses_id, students_id)
VALUES ('c1', 3);
INSERT INTO virtuallabs.course_student (courses_id, students_id)
VALUES ('c1', 4);
INSERT INTO virtuallabs.course_student (courses_id, students_id)
VALUES ('c1', 6);
INSERT INTO virtuallabs.course_student (courses_id, students_id)
VALUES ('c1', 13);
INSERT INTO virtuallabs.course_student (courses_id, students_id)
VALUES ('c1', 15);
INSERT INTO virtuallabs.course_student (courses_id, students_id)
VALUES ('c1', 100);
INSERT INTO virtuallabs.course_student (courses_id, students_id)
VALUES ('c1', 101);
INSERT INTO virtuallabs.course_student (courses_id, students_id)
VALUES ('c1', 102);
INSERT INTO virtuallabs.course_student (courses_id, students_id)
VALUES ('c1', 103);
INSERT INTO virtuallabs.course_student (courses_id, students_id)
VALUES ('c1', 104);
INSERT INTO virtuallabs.course_student (courses_id, students_id)
VALUES ('c1', 110);
INSERT INTO virtuallabs.course_student (courses_id, students_id)
VALUES ('c1', 111111);
INSERT INTO virtuallabs.course_student (courses_id, students_id)
VALUES ('c1', 222222);
INSERT INTO virtuallabs.course_student (courses_id, students_id)
VALUES ('c1', 333333);
INSERT INTO virtuallabs.course_student (courses_id, students_id)
VALUES ('c2', 100);
INSERT INTO virtuallabs.course_student (courses_id, students_id)
VALUES ('c2', 101);
INSERT INTO virtuallabs.course_student (courses_id, students_id)
VALUES ('c2', 102);
INSERT INTO virtuallabs.course_student (courses_id, students_id)
VALUES ('c2', 103);
INSERT INTO virtuallabs.course_student (courses_id, students_id)
VALUES ('c2', 104);
INSERT INTO virtuallabs.course_student (courses_id, students_id)
VALUES ('c2', 110);
INSERT INTO virtuallabs.course_student (courses_id, students_id)
VALUES ('c2', 2);
INSERT INTO virtuallabs.course_student (courses_id, students_id)
VALUES ('c2', 7);
INSERT INTO virtuallabs.course_student (courses_id, students_id)
VALUES ('c2', 9);
INSERT INTO virtuallabs.course_student (courses_id, students_id)
VALUES ('c2', 10);
INSERT INTO virtuallabs.course_student (courses_id, students_id)
VALUES ('c2', 111111);
INSERT INTO virtuallabs.course_student (courses_id, students_id)
VALUES ('c2', 222222);
INSERT INTO virtuallabs.course_student (courses_id, students_id)
VALUES ('c2', 333333);
INSERT INTO virtuallabs.course_student (courses_id, students_id)
VALUES ('c3', 3);
INSERT INTO virtuallabs.course_student (courses_id, students_id)
VALUES ('c3', 5);
INSERT INTO virtuallabs.course_student (courses_id, students_id)
VALUES ('c3', 6);
INSERT INTO virtuallabs.course_student (courses_id, students_id)
VALUES ('c3', 7);
INSERT INTO virtuallabs.course_student (courses_id, students_id)
VALUES ('c3', 9);
INSERT INTO virtuallabs.course_student (courses_id, students_id)
VALUES ('c3', 10);
INSERT INTO virtuallabs.course_student (courses_id, students_id)
VALUES ('c3', 14);
INSERT INTO virtuallabs.course_student (courses_id, students_id)
VALUES ('c3', 15);
INSERT INTO virtuallabs.course_student (courses_id, students_id)
VALUES ('c3', 100);
INSERT INTO virtuallabs.course_student (courses_id, students_id)
VALUES ('c3', 101);
INSERT INTO virtuallabs.course_student (courses_id, students_id)
VALUES ('c3', 102);
INSERT INTO virtuallabs.course_student (courses_id, students_id)
VALUES ('c3', 103);
INSERT INTO virtuallabs.course_student (courses_id, students_id)
VALUES ('c3', 104);
INSERT INTO virtuallabs.course_student (courses_id, students_id)
VALUES ('c3', 110);
INSERT INTO virtuallabs.course_student (courses_id, students_id)
VALUES ('c3', 111111);
INSERT INTO virtuallabs.course_student (courses_id, students_id)
VALUES ('c3', 222222);
INSERT INTO virtuallabs.course_student (courses_id, students_id)
VALUES ('c3', 333333);
INSERT INTO virtuallabs.hibernate_sequence (next_val)
VALUES (20);
INSERT INTO virtuallabs.hibernate_sequence (next_val)
VALUES (20);
INSERT INTO virtuallabs.hibernate_sequence (next_val)
VALUES (20);
INSERT INTO virtuallabs.hibernate_sequence (next_val)
VALUES (20);
INSERT INTO virtuallabs.hibernate_sequence (next_val)
VALUES (20);
INSERT INTO virtuallabs.image (id, create_date, modify_date, name, pic_bytes, revision_cycle, type, submission_id)
VALUES (1, '2020-09-08 21:20:12', '2020-09-08 21:20:12', 'profilePhoto.jpg',
        0x789CBD7A7558555DB7EF824D774B777728D2A974778320D248776CBA372025D2D21DD221487723487787D2217050DFF3BD1EBFF73EE7DCE79EE7AEB5F71F6BCC39E61CF51BEBB7F65EF733F7CB00868C84B40400050500500F27703F070402B0BF0E38385804047804046424444424644C14D487139310031BE3E143F888080F178FE8110339313139031B1D0D1D1B2F1717AFE433497D7D6FA8FFD705EEDB014C0428732873101405008D0905C284BAEF04487E9808037AB0F25F072C14340C02080E1EF17E164080FA3932072D4B63CD41F3A6167FE4381AFAD8208A206E4E507CEEF628F24D9F2E8AF4CBD26098449919E387494F04E055F9C861F2FA6DAC3BFF12B153576974606933796D490A4022C024216EDE477FAD16CBDC62D395D4E83AD86B04F03EBD58C29BD7F6988B7CCF8F3BC02C695CEDA82F02D07D4C93391EC09C29D33692346E300DDD37A839BE0782640A75D4650AD5991A75B97E4C6D30F52309DF48A4AA74F69467CC5503D0CDAF117FC943C57E5A1E77B267C8AAEB300AECB76A1D04FF3008FA2FF987F6BD843075269921EBFC6CE723D07110E30D54DF6F2ED149D698B67E7C5E666FEA826D610AD7B2FB3C641A51EB875F1C940FC646B04DC933C75F2B7BF9C69CB21A1A9C821FDF036D4C8A25718FF00C6AD7E8215D0E0FC67F24CBF4A96B3602F6C8042ACBAE07E27EB7D8EB1ED84C9FB27E1FA45694A0D2D8579C96B44BFBACF2C7188C0B53A21624628F8FA9F2AE11807DA7BA934231B7D1BBAFC95C89F0C33EEA8A4633B5DDBB3C00D4D6B296329615C69C50D1F6331F0EEE1BEC27380F81284A30DA9276D5FA2D0B821A0FE974B90AFDCD81955D1E308093B87F565F755647F0ECE7AE5D8620FC2CF587158AAB8F7F445D93B982AA52AFAAD3852929291B0CC534F3EDE745A2D68FCC183FE48B6522AB0DBA6577F0C1B81FB653203E18F3A3006C852A8D80C4B77F9609177A1998401F52A5CDF4E26FB31FC6F9BA0545EC5C06E3FF9AF69785BAF6A3E4AF1AA0A2E0F778AD1E2E4CF76C397F98F4732781E91243860C4708F7937D4E84FF14FE0ADD43ECF992B4026B7CE4DF7646B6FAF6FF4AC6BF2A49938D4EDF2F4FE0B9682C9B81CF4446E48F6C3C7845F1A330DB4E7CB94E14A26A5B0E43F7C91BAD62260F8B770C92765AF2937F8CFE2866D9AEE691424E5ED2894A4AA250995798EF9E7777D5F18FB5681ADD30CE1849BF3C8D623B51677091A47CED5CD4E48F3F90402A5E4ACB92CD6FE9A2B36DFCECC340B583402E6B5FF3DCE26E831F89D7D49A9AD77A5735E954A3F62BE5CD6B447FBC85D85E4FDBF632152A616AC91D74C40873D2A326D1E8938EF7410F8B52083646BC4D87DFF1FEEACE5A15A92B92F7EDC66D9A851F96C1457ECDCE336A7242A8B2EF834F9165F9BB874197D6ECEF5F13BF9FEEB6E9BA0AD35F90F8C7274CA073961DB99A4BB5902FE3C7030B6C2FDD6BC3A064F46DBE7F87747D24B031FCCA788B369C1FBC5B186504CB74C0FF6EEAD6023ABE717663FEB5B08BC548FCD3ECC6EA8B3E141F7668C7ED4948E815874C017103C8F85CFABDA068BD5043D0C9164E1D5626FCF8C7A1134E18607393A4C9F3E06A21FC4B8BFFB75B3114769CA20CB19B47438C60DC01D4C3985146C1094B67E49E1E740460218C04B7E0418188667B56C1C365D5EBBA9D2154A5E801EA35B1EF860194C6B4E9C53381FD39FEFC808050E804D5B96C817880B879C33BA447C150F7DBF1BC12E001AFEB5F007096F1F2F4B06146F73C3489872A4E78E874840FAD0C0405F57BA78382818506C1FD6C73D0187F89D8817F3F60A487153F860248827326AA692946C02BB3A5CD489603002A5A8AE416050C633CBD4E94480D9C0C17AFC22EBA80D199599BC1956BA746F0C2FCF4E00CC54C00DF19CC6A0D46E205E82C47814874D606E4EB36A0F73D5CD728A0DA0D738B6E046C6D3520F383014EFAE09AAF004E65C776130025FB283B3A6F1B8055CC384B77BB868001C713E241BD250030364BF1C00640E3932AF9E0BD9DA6B1E3E25EB483EBB38D0C32AE2D4F17A7318312986DA7BDD46E6EDB832379FC9028F23AA39DE4213DF4FCBDC55351C5B6BD674E596B041EC52E9910AE01BC1E19E7ECA7F29E8BE4665F9BF6F9347393224E6B9D9A027199AA739C8E4786DBAF336C78FD491F378E21A63B32785D7CF6346F40E3BA7D0D33C0F5147EB774D10133E5C88E56FBF2324331DBA6978B59172B4100C53767E6C24186AB64069B84C96BD870F4F5F53390D048FDDB9DB563F7B925690E6835160FC4B0741F4EC8D1042522FDDCB69C5C4FE7C4E2B5260587C6180707E7E5E03D90754D0F4E227B481CF143CEA0FF6BE6A060A041B070F0083F5307FA993A5A6300C0A60805E0448C1FBE9400F4CB077932D009D08A700088310860284EBAC23C7F72407E9E89AF762D4E871C5094B8253EC475E700A03DEAA042901E04AFDA883D2EC104A7D607D039DFDA50D3EA67E0D2D2BD800C91182A4304C0A504505D0723B72861F61601740DD548021580331B546F0180EC6D27F9B09DE9622F933D1870B60D610D051EE62D1B01D01756D2AD83C600F4567671F0C29D0C0098EE1E7798B2F100D0742DE33C0233315045799A65D7DC42AA68AFF6B4C1ED89A92EA75B53FB5B5797EB79437D28EEF595032587CE0267A87A7D897BC70C1A1CCE8E75DBCD794F0AE4924AF08FBB5921577B0E384572297CCF2DC571E73C05F3431CABE520893DC2525D96174DD7669D6EF32D8E941BF98C702C2DC2A667BEFE27571C9C4F973ADEA238EC79F856DC79950E24A35C7BB82F777D3E37D4BE2463CAE0C49E2A7F4649C2E67B4616E4BE6BED37552A67CCE6CDB54386738CFB05933557A603D36ACFE066ED23BA2E3924411F44107CF4E1C630CE6B915674B4B0C0F8EDC061FA878D0C7639FF5B01388A8B23E913B6044E18BD621081F8914FC6C63DC0928C907A0F3C24560A0380024181E091606040B0083F3808143408061680C384C720E772785F89854D41C921FAEC85FF0A0E3BA73202AEBD9F486C3B9598B163169EB88A9AC99BB8319AC701D97FD114286160045D735700CEF5898235931869F9A41BCAA165EA8C46A019C61CB26E04A2983423230F006F413D7BB2B146A7A9573F5A44985A7D5E09C0FBA6643C2F5E0AF7ECA18B5F80F34343F61E16920B11CED4294DD4CBFB2C73477B3164C378B76E4C857E0F84CAE76A32A98671EE6193D1B54C7FFE483DF3469A7AED159D7CB86834C766E8914D17F5E18AA5ADCAEB33F2E88096B367503341BDAA05F7408D5B84B230D6D5B3BC78DAACAF4F249AAE36DD73EFBADEA4E897771E0C153A1094B625493BEB97597D9987D2C8D3344FF24F2F8C0F2FB118C4216D4283057B7DDD1F0D293E2305F1BFCBE7C6CDFADB4D85DFDC14342CF84A303FC55B51D2AFA294C02003458E257D086A9EFDBE7177A0DF7ECA47F8DCC0C31ED65C033345C88ACC306FFA03C3A3EE6B06E3624DBB2E466AF197896F15335DEEF23754ACD42D71AA0773D572C463D27BF0EDA584B33AAA49BF59255CC6A410D7A05D8861E9EC5F5EB6D17CAA5D2870BE7EB20E9EBF16944EB64F9AA99D9AF15D511264A06A261E3DF3C96E337354DB6CAFA6D8BD95040F6F160E0559744C5D4743A50DA9A620FDE68CD59277D9594F3EC154981FFEAE96A4EC08BD2B05773F9A5639CB95EE98CA07E8D805C4046F93C3DD90A993B2A9BDF205427FB3314B5609D74A0B1296FAD8F9EAF420E49723CCD556A7898527D0E41A5F274974EFACD319AAFF158D52048F56E565AE8622C7173A7048F0A10B1795FE7EAB4FBDF78D32DDA2963C1D3390273B92A275498717A3F9117B49C93C67DB1DE04316CF2B12F1905F94205D3797D8779046E0D39352B92E76FFA67F30ECC5A68A662068EDC9EF21B04F47FEC06AAD7EE94F1FDE88372419E46B3DDCDB2CDE07136D5819188A615ADE2E172F7AA49CF1356FF4C51F5926CCC4CEC7A3AD4356BE83589B483E2F9876D5EE5922898DCBA82550AF225035BBEA521268DF03D616B62A963984EB8FA173C9B0A68D5CAD8E5EF0823A8E3CB51444BEDE2C7EC66AFF64FDC4CF503301C2633266020BEAB4BD99F924F28DE8E339BB9280C4514BC348D0EE8B819ED268B3D7926981EBE8E82D077FE9CB22C3567C86F536D0E059897E1E89838ED974F4BBFE35F6936C23333383CF336B595C3ADC70BE9DCF4FBFEF1E3F71356E8AE45368DA6F603AE831B964AA71A3D3B73CE0FE00E5268CB9DCCCB1ADE38913B09E6549624CB29CA35A349AD41FC51128B014A3697F4212C2C5775EDB4382F86EAC82EB43B995B5FD4472291188FF6FA12172FBD064136ED1C44734CEC4C0F42E1E8F02C5C3F7B0B9323ED6859CEB7C7ADE17787BC59A96891FC2C34E843FDD119633A48814EB6FA576396D050CBA7351DD03B283C32DA5953D62AFAAAD51F6F766E7889D36AD24DA86FF162E85155D454B668EEA1AC0E9EEC5DF75902092B5BF44ABB2E095CCE7540F70C6230B6D9D7798688E1CFCA94CFB2FE57F83592BD614AE5CBF6EACFDAE48FEF31754AF1F552EDD616D4ECAD39E2F24AF68793D51600A31658576E4FD5174187F8361E55F603017FF0186946F0498F655F9EA4E9705158B12BDE64F6F0916FC9EBCADCCE3C75C97888DE63C8E11235E27C6C1CA9E1525A30C72B5D24C347E316E71D8E7D9FA86AF00BEC5920726423FA3E3EC49A2D2D95A012FC5C9CA6ABAB8F431E301B7845495D32C2FF401B74BBADB37FDA22F080DD831E5FE72459E695DF9B285B71DCDC58628D106114521A6D5B12A60B0B47760BA0EF7D87B44197FBF367F76EEF06B1AB1200AE1A3B7E221931C1FFEBB9ED38AABE4FE286F7FD26E7A0267E4B023E7AB8167922B7964FAC2AEBC18B662553DBDEE6023382B6269F69B7A3944C48F75B0B1CAEE88FD25D32D912358BD6852A70649E5BD3AC348A79BC9A4332C4F345BFDED6380911C2AACE653AFD7BB0FCC6AE58C6961046E0CF516C449A9646B74DB7839CA856AF836EDB99F2C999DCE29AA57A2936FE2161520AA0EFC8425F3E143732F9847F04BB72DF0296EA3ABF6D76C1FAFCED9C3228B85AB254023902F8BC2574421D77E74385868B7EF9C30C18E4E31FAF2474FCAFCD51A7EC77C1DEFD716395EB7B3CAFD83ED938A54BF958B9692BF30FFC2A896B0ADBCB8BF879863FBBFB4965FFAF35BED67EC1B6B9F7B3ED4650FFF6A2D75AB097EB4614E5BC115CC72DEFEBEC3229AA7AFDEAB2668958C17165CE70E58647C0F87EE152312C308040782B1E0ED40009C65146B8A6664410D3E8A8CD179EDC90B1337228D2A54474B1A0551BD22871147D92DA23B051DC995610F351FC253F66ADF4988F227996AE18E54FF0A3383E076FE0E8E3EFE7EBCC606A6C647F29D525108FD6F217D2AA1F61633246157041E8DBE899FD71611865E1066FB9375547262089798EB5F110F41872E718D87628E7BF8F442B76B69B1045730ED1E57F6A07830FF2F8668E937C0FEC0DCD06570C037F7A789F7C0F7D499917B806BC8D7C03A4CC597AB75549FA10B43DB43A5F5452F51FFD545FB81644B9D4BB69417D8E0359E86EF42737A3CEBC48BFE7CB90424DDE70D283C790B624D2A39C408830F0F18DD73225DB24A3292C93CC89CE35AA67971A75950A053A9F67F83FA1FB624485166C5152F7693C45F90DECEDC4D873BFA906C77D53FB91E9F2873C6D411923F9BEEB94469D4C3E543DDCBFB1026236649AFB0F7A5EC25B64ACBB4311EFEC9144F013FCDA7A880A882F8207FCF36CAFF66BFEA9EF801241545DD4CF4C561F08D2DF7D72D8CEAF852C63D586876F28051D15A755BC2327DBB3246F40D5599249C0B6ECF2FDCBD9EA20482F94C2D7D589A1F55BF83A26A77F1E64291C5C655720AA011A8A0110461884CDF6D8C954519A436CA684CA88E9F841B15E3702B498E5987BFDC09AD585B2CCA262E7C7DB6CC5DD6AD7BE86AA161DA3E515A42DACE3C223B7480FA5BBFFE8381C0169B6F882803676A68563BCEAB4BC82D7CF1975056D27AAEE8568A743BFA55BC04979A84D4BC2C38C2842FBBF5450F64468FFDC8DA36640E58CF0D230264DB4E989E25F409BFD26560FA20CF3D205F3D0E4D24068D11BF0CC8480050F3B0316F6AB2403532A0AB54E60A185717A7FF3391801E2714DFE71BBB3B96BA7351510B6260C4C790122E18C22352C665AF8D89B9D9D880BA07B0DE40097FC4CF589643D87C1F1EA6C089495C11E41D930B4B8F5A02C75BC89C94FFE45C8251B826F50FC660F7079319D20B1AE2FF464FF2FCFC8A6CC57C0C19F36A231267137EC2EC0FD2E9F73F6A047FA18426C87FC60AFA633913B15DCFFBEEFF114719EE131FC29B26C6495F4C9F93092DD8A543D1A5CBBC07E0E1309964CB338FA1B6450F68DB8D10DBB8262EBAFFBF01773830B72B97518141054C3540A4FE228FDAAF5701B5C4386319A09E117BC56E0E3731B04E87BDB514CCFB65BAA696675BEE73945F5A9AA7AE092475C87C86E00F6154512C4CFD0022899373DCA6E4579CD0564C7A6648B637DDD961F53FCCFEC7252096836C21BE6952774323EBB88B420EA2CA32229D6F003C3F1C7148F035AF59AEE4E0EC1F2EFCF3FDFE27AD1E799C94A2823BF33CCDC6BA3E87A99A2C4521EAEE56DCECF13F52CD3F0BE767E59A25E348496AEE91242A315063FAC16F744516A2F982BD25FAA0C861220182AC3FE8C1CF12FF13767F3DDF545D9B0CBEC49CD2F53631120BA6CAF14A5A1247E83CBF406FA87E96CBF1E5138F31D8D78183F74FC2F10B34BFB8E1EFA46F2EF5D2208FB8D963E6DCE5D47DE617B7C48E1110BAA809ACA8D04535D29CDA3081E09F6AFDCE2D7FE9DB3AAE78BC75F8B667F2656E6CEBFF8A9B96EB7A4DF6F6F590EDDBF75C545BC818813D94CF3FD8524C06516845F162E91AB9AC56F1619B11AB16312977CE12B317D8C71B1CD890E0BB6BFDAF10DCF32DA14785216CA4B582692DA42E7FF9FA4B9F9919AF430BF7CC5D6B2D5810EFDF63F55B7905FE5D73064929B14F6A6ACB549420A2426E9B365DD5994A25A8C9E9414624C47117871514E218F6A4DA9FD76C22352A98BF1FDBA3420B775A4BD361D9730305607E1B39EFFC158E5E251A7A1935FE4F2081FF71815B8BD4E854E96D48467ECC97D20D68EDD536970D63100C1EE6CEFBACE298354D788DF7FCA390E4BC2F13E3CB2027C7B73E89D4056F14E80424EC885743142F6CB0744717D1AA4BD0DD0E852446E924537B75F8708472B0C7D1EF9A4FFEC9CD9DC17F10CE66E9E4A8600EAB59DA1BD3D53D5A94F592AA51A8A605E635398CFCA6C996E00F366CF7C709B694C7CED0466209D29DBDA98AF81DBBDE9C4AAA9C30AD17F896C67AD04B717C49568DC2936D7E9F98EE4CAF7225B8038F62C320AD339A438F5388481E0071713EB081F0FDFD5092FF1B14F4F79B70E0122D13B695E3D147D7FA36EE81B9591BCDEF22F3E6C4D56297FDE13711F28EE677B62B96F9ABACADD4F42A05762B39E70C1B8FA66FF18A4D85EE341AC4E437E203318B8D82B143E6E02A3E40EA8F27D7CA18ACE87265689E6570DAC485B76E5E28A4E6323D320EC01D992A0B3C5CB1DD3FFED27612B62FACF10623B7801A2DEED59CAC3922218162F19D85272D055257810566EC7576AE6EE76C929BD5A43A48AE64306C7DA05F4C7117DEA650DBA9B5FA502496F1F129DA0E0A84056736EE32368F3E50C3766D3FFD82B29E64C1907672B074FDAEFA8BECD3A8606286A9FE6EDECEAB06F007F44A9AEAC68E6DE72ABE6231FF3792B1042B7FDE14E741E82C5A008687A2085E73C38B863AB7D278597509157BD88234A7A8DC739DF2A49B21FAD2C7FD4E52F217B8C63701173CC8EAE51BDF4A8F036FBA38CC35ADCC0D1F7F39AD035752BF91A63EDDB4DA2638E6D2DCB4542794999A8A19756FA9BD85F84929919F639ABD632EC96F6A926012987597DCA512AB54B68D95295023BE3661AF6317DCA0C2603E1996729F4E53568530975A0AEE2A77C6A58D946CFAA9178EA76E19A9BDEC321056652DFCD01454A86DD65AFD514653D5D6CAA412EB1DD2A2228D46E61DF9B240CE13FD6C5E22ECF270F7499F6DEEA6A79020B72C4679DABCC11C93718CB22AEE713B86DF1C7F776DB8D76A9FE5784677A58287684CE5CDDA1402739562685DB418B15DA7ED221A222F2C478BEB8FF6E5C0C031AD35D3ACC9595D99A9BA31949A26645CB3C203B7D13A81C642E68D2812E02FD423BA19D0DBD1DAD8692445952FA0E16EB98139253D3680AABB42CF6151A0819CFA95F1C4263D9DC79CF72C8DD046255B327172D669FA7D9FE86EE378BFBA75FAC655B2AC718A673BA1DD72BC9A12BBF53DF02E7D8F7BED35770891960E4E4C4E211D86E84E27E64FCE20F2DFB454EB9C0D15DCDEA0AFFB8F43768F3213F1193BB9F9531DA62C5B649A9462950B65F592159970EB3FDCA58BB8A282D2CA33CD5F1E975F754DE4F1E41AEF2172A4DDEA6C133572E1773A161269A7D82830536B332048C9780263FD09BA27FCD334F1E57899591C13D57C9ACD4EC4D7C3E9B2550D7C5B02539C05B97DEF99C1503C656CEF843F5DC8BF9F5C5333E1FCAE4EF3999A9CA14EA92227BEB819F3E21F188138C3A37192BE1C56C74C5E96C9638A4A48E5B040EC9265AE82F32BAFA2C02B240FB5A084FAD5A6BE65F85EAB6D420282E21355CBF884E2ACCD8E039BA7A3A5A4F336146F26DE523B4B6F57BBB8E738412A0FC68A26097355CD465CB7233B20B117EB912278313755193EE2FD8CF65B38AB230B323C71995B9F7D2424AA628A6045C3513524EF814734A3F8F60604537662D5397DC638AE1B52CE2C9CFD386B10A64A7AA9CEB8759678D91DCAEF06D2EAB0B80851AB93B4D11784D2AB6513398E75A7A8C8E51A8F653FC91498F8137839A620ED963BCD606422900764713BF1596B9ACAC5CC317373E87CB603CD5FE87C337531F940F81C31909289155ACF1B3FA9E2F850BE2CE12E673190E64D166156880EDFC8D4E697A3B1FE5BDDE5B2139C5326783A01A8139BB2CAC58EE72325DF53430C27DCB725E2040FF565DE06E663CFEE91841944AF225DBE73A665990D3D441FB9FBAC19872098FE21CFB1E61495C84FF3FBE6EEF8924AA5738E177F93BC935DDB9673832F32C3F6D8D516918595F8CB63B1C9D850291E62C49AF596271143CC4D4A6EC1A38A4F490435E66EE1974638F16A3F276499224B23C9BC9122877C0BAA5275DBBB484EFE66C64DFA8C762CB0CA4E27BC09A3BCA11296DA1F817CABBFD4F08469F204418345D49A9DFB63AE79C359469C031BFF85D0892AE381B1D2841F27065A65C2290B771445B235074D0828B27956CFC6A4525AA91373DDB1D4C2064967122BD05F4D51044091A69DFEFCB5EC74D1A346AD2071C12D17EC992CA94EC650C54B6E921D1BDE4AA9AE1153E3C4174B519AE3AC6E844885CE2409F6C0BBD8C5368216018C58123CEBAE60F7E26B6303B597FBCC2C0C751CD73F1FDC031F3455406854882A929D7D738EF5FB11C204753D5A46651BC88224DD68482424DD530C43AA0C276682C59103908C3150587521DA6002A56AFF06DF49B8B3D9616EAA4230B94B0AB3FF7BFB2B6DF466894A2718F8A488D37CDE682153FD57271B96F5E69A8465D56CF0B97EA8E55347C58E64314ED093FCFBB3F199D2048709BAC7B23DD2A99A7D36E8818DBE3BE545EF7D456C4899AC019FDC17676603EB158D2DD0F87C0510FE7B20C1CD57C25AAA8653294D3E7F9024BADB626C4F8A373EBE949ADE98BFAB6A82F77171E3206DEA2767787FF623D49A693E247BDFDC30BA8D75DA6A8BE93E259C66C242095D9FDAC69D91CBD0A2D5B3851C0AFD5017DD00AB82E81827156811420281521F6FC7EDF1CF1F557B5FB29FCF09CAEF5F99257D7BBAA9EB7B3CF6D6CC35E956FBD8996DCDF6F99C2B696F98D585596106F354F9109B672C46B3763E6722DC6CE3DEA8330F868FE94C21A1E05AD6247405665EC56AAD580813C7AF9F3B13BFB4E2C63316530CEBBCA8EEB4F37DE670592C8E72A98BFCC29A25E89D02751AB1FFE70A871A719DBBCC64EBA8AEADD6F13BEE6B03CDCA6F654F6F9E4C1273ADAB9875CE277EE9B9078A39CEEB796FB58B54DFE64E6C297A2D4F6A10BBFBBE87A34656787B2B61DD505EFC284760AD8CEC1BF3AA130EAF34D5E6C238A3A647107F46675F00C9DAD86235C85A026E3A2FC7EA69628B3252A774FA4DE18C4A9FE2A08538F4635B12AB63E42FCF1F12622E44E4F9BDCE237CB086065125DE4E0A266E1D8E7AD629412E8553A5C9D0BD47B1546BAB17E7A33ADF37F11E4D8A24F01CACF0440A8B7AEB80ED5BFFA0E5B3E7A735DBAFCB5AB0EC2A79DEF8BC923223B8E26D424BB09CD125BBC4D35D66F1DAF58DD397ED53EA81E5803A23BF07A2E3FC85A737FD45E1DAFC39C6EA9D5B470ED3F01C92FA9D2A083DBF773786DFB999584D31B7353DF557E2C1CB9452F13510ED10273FBE6AEAD00C9BFF8E667838DE7657F2C5B2F4CED41306860DAFB084A65C37CDD9BCB1ECD3892F3AF647CAB581704539CBB842509F85CC41527F8C9F1D750FD29E6262A7EF0CA9AB3FB38F95CC01212F6CE96AF81466D739CEC04B5BD62F9A495F93D0EA45DB1A09CD3DE681ED97C186ED4BFD2AF66D4273FB190B5559ED13791C8A419C26BB9FDE0ED69F84EC274E84D5C8384EC904EE1CA5EAC7DF40CACF742A47A901F930EAB88C56619F8C954457837391E3C8EBA77E75AB94B9E187531C740D574C4461576D31A255524AF0E27409ADBDAF83087592FA4C5FC391CE7816365937C96EDAD608B10BB24D624206CC35820693BE3EAD3D94EA0192F761AD0BF5E2AC3F68B43235A23D13FBEA9179AC4584B857FE7CCAD56BDF5FFED27387925710AB70846A3288C665C04676ED687FD3AF8B3DBB12DF97D535FCCE5366874AC409D33AD7C0F03CF870FE91BB5B7D7D74E96D757CB5EF149D68487CC76073DC679B1716B72AF6B5DAE5D0568FC27124342330DE53A1D6B5D91DAE6466F7C1CCACFAB8C86C7E47BD079A144CC07A41ECBEB731BA355B0577F66E7B35681A0C71BC17D8556AEEDCC2FC797D4A2AF6A3AAC3A5A8DCB96F823FADA3AD07114B9195458CF0534CF1ED05592977C9F0A1313D30C7A73E3EDF6FAF9D7833923476B02B3B56362BCE85E44B887CEF3B010E4C001A8081818586FDCF576DA0A001100C260616053B2C3987F20B517B6C4A4E2E11AAC70E7E2AC676B1BFFE9286821206BEDFF8F622820AD75FA9C1C4E5C897BC1B7420A14CAFA844E6BA077CE11AC28BB4F6DE31143D1B85E2B6B62C42E96644EFE7C849F946337366D8B60AAF6DF209DC25453ED3D9B80AA0D49D6017CBFA17711E2B0B69B7B9E27D475A736F7321DEFE42A25B091605A296BDBA545FA5DFE0C481FA0CD6A4A8A1612F686BA56D17FCC219F2571368AFDEFB2E267F87746127A4248D765E7515B1A285BBD245F4257F9793B58644CD84A6BEE6366B98C9B7FEC036834FC685B6DEB6CD3DF34A853F94DCFF99471AD8064BC2A2AA27B64925994E38CDA540F5F1DE3D10BA509A902C0E29AE91A6EF4F729CAA59A05C0EC09EA09E3614719AC94A24490BDDB1B93EADEEB25D330E72E8A76B582A951B2FBFA3FDBEAC07A6D4597F6ED0E13DCD577148314DC579BE999B94EE704E7887EAD45C46EC646B49E0AED470B673F964C92883EA9D16320B7070F9E41EA87B6D8FE4CD8B3889A098E51DB23C0D6DB13803F2222845626D43CB7BF45C79EDABB66331C3F633BE7517831E941E24065F2C37A188F2E599289B108CA44473FBB1061EAFE63711E9A54190DD8157A7E35862510A798CF0BDE826414ECDC7E8CED3B87AFBC5F39D35BDE12DC148012B0554E3A4A9CEAA28912D12FD148E39D40986F2F6A96C2C1594CB9055DAFC8EB77B332BA26C02FB8B11E047E4220130A0AC9018BE120CD1CA4D7566118C704C6B5E7C3DCC68CC24334DD2F73D4888EED4C1B5A58159EE117EDDD6CDED6B059B318904D1E50A66782EA4762549DFA885ED4B64F50E8BE7DBCBD4D54980F654FD11BF2141CE9A1EF1DEE264B05F5EEA44571E316A2879D713219DC2C028ECFC8B28F63108FC1BE34D315E86E94DBA3A41A92905944FA2D4DB94CFCDDD0F73B49E8A47FA5DBB916A4724F4768B54576EA5E778157912F3C4F7A83F8397005B1BC7CEBE0C7CD5AE5545FFCD6FA3405FB4EB7982A4C08ABB4D0896DCB8B80B8F94DE1BD372538C27E422DBBC5B11B93746FEFBD9C31DC8C5E8F89A29AAC2F57E936244451998F4FAD3C6468DDC58CF375193F05E919A841149916A499ABF794DAB7DF89EA167D71335607445F12CC326B97D02C55EFC5AE51E48C4E93E3DF60D0D7F71469238FA369FB072137F324AAD07874F9AF45299684226DCDEC27789F7D35DDE0587FC58AD255CB8570F8EB040B9358F7B0BE7CDDB781616EFDA57E647475842D147AFEC9A3F10CBDD55410642503E4B931D8144E0E0D35DE7CDDFB0B0B8E8E96BB941285FAB784185C04FB3DF032FAA2833BDEE8149D9EB477356A13E87AE0121A09B382FAD0345DD8A73BF4C905538ABCC978FD676CBB2177333D6C404B6260F907FFA00792868101C2C340C0CFC5F907F403C8081054B4EC1CEA10C4729FAC21E5B8453C52F161E872B8BEAB192918943E5AF171A7E007F43F740F206C5BBFE1ED0125866AB2FD2068320543922D94A6B613BD6C874F9796669CF1A932F3D8CDF8308EA1FE9ED646216180BF4F015540BF688C76E2941B0C82231102AF13DD8E527E730C6193174211B3ABBA1E9DD57A4CE18D5CF2EF80F1B6393EA3FC160A1A173777A18BFD5C15957A70D5334E921946EA8E3A499A244DBC2B58FCE43200BC1B8076484FD7A4B444CA676397044445FABF0C67C4D14BE41E1DB933058C3449608988BE5DB9517ECFDB4DC0A7A9BD7493A03B74CAC33EFCF169622A742663294E76D976FDF91A0736D5CB72930CB00DD203ED6A0EEE02DCD8C0ED5F10EB512792F0CFF8C2A56978AFE397CE9D1489667F7C0CC3193A1DAE7EFD91912D7AF4027C8AFDF00D42B73BA1F5C05CE68B4D84FDB2B4C51045D8B329EB1CC7FBD21E47D22A174A6BFFB8575053EDFB032F3512ABA49403DEC502505CDD2D6BE8BEF55CE254F824D8F034D05B3DDE6E192B08988481164EB23423D155A9062AD72EEBEA21C1163DC361CBAEAC9397D17819633DC6554676C36BA121A422B0AC274ADFAF12D0F422BDEB2502786BCDFC0AB813212F8A2431B862732184ECA3154A1AD4F369E9D750C1F4C80BBB8DC7B05AB32937626E9E902EC789B60344C4691572539F979771514D6A53AC9F46844B73B90B617D0691694F456B65CCE2A8641169A347C5AA433C18AC558C2F6896349CF08BDB5D6BBDB5249F341406C27B1A4D2F3007B7C147C3D924DA3CCB81087CD2D7BF964C58F9E9CBADDDF32E46A231BB726B61BE46C885E72058B05F7642D1678A651652E462EE0DC983E671B4FE3F92A80466D4FC89F211A62BC3FE81197A05CA5DBD06B2B729DD85330EF329EB3FC469ACE237591E22066A507579D6F8712547C76CB55240C7EF994D2060D6D43565BEC6229574883401C7B84529270E12D188E3B23283DC954F4B18F85C9A378AF2D95D7B4E22EB493E02D7E03F1835619EB4E4FD3E5773CB4EFF2B2BAD6231462672F9DD172B5F4308D39EA7628DECFD628B57B6506D84EF7ABBA13DFAC3FB5504C08B676E6E0FF4A24D3E0C698D955BD88E5264B70DB8D0E2870E7DC034336847DE597B9565E4629D0761EA9C1071CD589879C8E2F4D0E7AC5CD548F92021F69CCE50B268C9C77D86B5C76EEBDB7D0FC101B06793B7F4CC91D2BE4903A4BBB9ED5C870C8B19C33553373A7A5B5FC0D9E48DA49F373B945AAAF975AC6D783F9F5A74901A004E963F4B4B554B86FAC0248496545B663BA17BC365D6335E7E07B2019C218BD429CB00AC7D848BF3E9EC184EEE5862A30277A0343E096F5D8A67F65BEF0B69B517EFD92A8E3F16AC4570E35AF5EDEC7A59B2F0EA2A1690AF7329A0A06BA91F36DE43CDF13CBBCA622F391D333518C54CB10DEE903CFAAF7F87D9EE37439E2B8073E25411E494C46B5A000F7806340675CCC5240A46CD8D0BACDC91B12D6FC255254797E02F4CD588881B0FE139CF2454A5EB5A5895B7B8AA6BA11A676E339B890798EDB61C34E65F37347CFFA0DD58FF1544BF061745E66CB578173D0218DC1AAD7C4ADA113C8D633DEB60731EB4C5A26F75FFE03514F9E14,
        0, 'image/jpeg', null);
INSERT INTO virtuallabs.image (id, create_date, modify_date, name, pic_bytes, revision_cycle, type, submission_id)
VALUES (2, '2020-09-08 21:23:13', '2020-09-08 21:23:13', 'profilePhoto.jpg',
        0x789CBD7A7558555DB7EF824D774B777728D2A974778320D248776CBA372025D2D21DD221487723487787D2217050DFF3BD1EBFF73EE7DCE79EE7AEB5F71F6BCC39E61CF51BEBB7F65EF733F7CB00868C84B40400050500500F27703F070402B0BF0E38385804047804046424444424644C14D487139310031BE3E143F888080F178FE8110339313139031B1D0D1D1B2F1717AFE433497D7D6FA8FFD705EEDB014C0428732873101405008D0905C284BAEF04487E9808037AB0F25F072C14340C02080E1EF17E164080FA3932072D4B63CD41F3A6167FE4381AFAD8208A206E4E507CEEF628F24D9F2E8AF4CBD26098449919E387494F04E055F9C861F2FA6DAC3BFF12B153576974606933796D490A4022C024216EDE477FAD16CBDC62D395D4E83AD86B04F03EBD58C29BD7F6988B7CCF8F3BC02C695CEDA82F02D07D4C93391EC09C29D33692346E300DDD37A839BE0782640A75D4650AD5991A75B97E4C6D30F52309DF48A4AA74F69467CC5503D0CDAF117FC943C57E5A1E77B267C8AAEB300AECB76A1D04FF3008FA2FF987F6BD843075269921EBFC6CE723D07110E30D54DF6F2ED149D698B67E7C5E666FEA826D610AD7B2FB3C641A51EB875F1C940FC646B04DC933C75F2B7BF9C69CB21A1A9C821FDF036D4C8A25718FF00C6AD7E8215D0E0FC67F24CBF4A96B3602F6C8042ACBAE07E27EB7D8EB1ED84C9FB27E1FA45694A0D2D8579C96B44BFBACF2C7188C0B53A21624628F8FA9F2AE11807DA7BA934231B7D1BBAFC95C89F0C33EEA8A4633B5DDBB3C00D4D6B296329615C69C50D1F6331F0EEE1BEC27380F81284A30DA9276D5FA2D0B821A0FE974B90AFDCD81955D1E308093B87F565F755647F0ECE7AE5D8620FC2CF587158AAB8F7F445D93B982AA52AFAAD3852929291B0CC534F3EDE745A2D68FCC183FE48B6522AB0DBA6577F0C1B81FB653203E18F3A3006C852A8D80C4B77F9609177A1998401F52A5CDF4E26FB31FC6F9BA0545EC5C06E3FF9AF69785BAF6A3E4AF1AA0A2E0F778AD1E2E4CF76C397F98F4732781E91243860C4708F7937D4E84FF14FE0ADD43ECF992B4026B7CE4DF7646B6FAF6FF4AC6BF2A49938D4EDF2F4FE0B9682C9B81CF4446E48F6C3C7845F1A330DB4E7CB94E14A26A5B0E43F7C91BAD62260F8B770C92765AF2937F8CFE2866D9AEE691424E5ED2894A4AA250995798EF9E7777D5F18FB5681ADD30CE1849BF3C8D623B51677091A47CED5CD4E48F3F90402A5E4ACB92CD6FE9A2B36DFCECC340B583402E6B5FF3DCE26E831F89D7D49A9AD77A5735E954A3F62BE5CD6B447FBC85D85E4FDBF632152A616AC91D74C40873D2A326D1E8938EF7410F8B52083646BC4D87DFF1FEEACE5A15A92B92F7EDC66D9A851F96C1457ECDCE336A7242A8B2EF834F9165F9BB874197D6ECEF5F13BF9FEEB6E9BA0AD35F90F8C7274CA073961DB99A4BB5902FE3C7030B6C2FDD6BC3A064F46DBE7F87747D24B031FCCA788B369C1FBC5B186504CB74C0FF6EEAD6023ABE717663FEB5B08BC548FCD3ECC6EA8B3E141F7668C7ED4948E815874C017103C8F85CFABDA068BD5043D0C9164E1D5626FCF8C7A1134E18607393A4C9F3E06A21FC4B8BFFB75B3114769CA20CB19B47438C60DC01D4C3985146C1094B67E49E1E740460218C04B7E0418188667B56C1C365D5EBBA9D2154A5E801EA35B1EF860194C6B4E9C53381FD39FEFC808050E804D5B96C817880B879C33BA447C150F7DBF1BC12E001AFEB5F007096F1F2F4B06146F73C3489872A4E78E874840FAD0C0405F57BA78382818506C1FD6C73D0187F89D8817F3F60A487153F860248827326AA692946C02BB3A5CD489603002A5A8AE416050C633CBD4E94480D9C0C17AFC22EBA80D199599BC1956BA746F0C2FCF4E00CC54C00DF19CC6A0D46E205E82C47814874D606E4EB36A0F73D5CD728A0DA0D738B6E046C6D3520F383014EFAE09AAF004E65C776130025FB283B3A6F1B8055CC384B77BB868001C713E241BD250030364BF1C00640E3932AF9E0BD9DA6B1E3E25EB483EBB38D0C32AE2D4F17A7318312986DA7BDD46E6EDB832379FC9028F23AA39DE4213DF4FCBDC55351C5B6BD674E596B041EC52E9910AE01BC1E19E7ECA7F29E8BE4665F9BF6F9347393224E6B9D9A027199AA739C8E4786DBAF336C78FD491F378E21A63B32785D7CF6346F40E3BA7D0D33C0F5147EB774D10133E5C88E56FBF2324331DBA6978B59172B4100C53767E6C24186AB64069B84C96BD870F4F5F53390D048FDDB9DB563F7B925690E6835160FC4B0741F4EC8D1042522FDDCB69C5C4FE7C4E2B5260587C6180707E7E5E03D90754D0F4E227B481CF143CEA0FF6BE6A060A041B070F0083F5307FA993A5A6300C0A60805E0448C1FBE9400F4CB077932D009D08A700088310860284EBAC23C7F72407E9E89AF762D4E871C5094B8253EC475E700A03DEAA042901E04AFDA883D2EC104A7D607D039DFDA50D3EA67E0D2D2BD800C91182A4304C0A504505D0723B72861F61601740DD548021580331B546F0180EC6D27F9B09DE9622F933D1870B60D610D051EE62D1B01D01756D2AD83C600F4567671F0C29D0C0098EE1E7798B2F100D0742DE33C0233315045799A65D7DC42AA68AFF6B4C1ED89A92EA75B53FB5B5797EB79437D28EEF595032587CE0267A87A7D897BC70C1A1CCE8E75DBCD794F0AE4924AF08FBB5921577B0E384572297CCF2DC571E73C05F3431CABE520893DC2525D96174DD7669D6EF32D8E941BF98C702C2DC2A667BEFE27571C9C4F973ADEA238EC79F856DC79950E24A35C7BB82F777D3E37D4BE2463CAE0C49E2A7F4649C2E67B4616E4BE6BED37552A67CCE6CDB54386738CFB05933557A603D36ACFE066ED23BA2E3924411F44107CF4E1C630CE6B915674B4B0C0F8EDC061FA878D0C7639FF5B01388A8B23E913B6044E18BD621081F8914FC6C63DC0928C907A0F3C24560A0380024181E091606040B0083F3808143408061680C384C720E772785F89854D41C921FAEC85FF0A0E3BA73202AEBD9F486C3B9598B163169EB88A9AC99BB8319AC701D97FD114286160045D735700CEF5898235931869F9A41BCAA165EA8C46A019C61CB26E04A2983423230F006F413D7BB2B146A7A9573F5A44985A7D5E09C0FBA6643C2F5E0AF7ECA18B5F80F34343F61E16920B11CED4294DD4CBFB2C73477B3164C378B76E4C857E0F84CAE76A32A98671EE6193D1B54C7FFE483DF3469A7AED159D7CB86834C766E8914D17F5E18AA5ADCAEB33F2E88096B367503341BDAA05F7408D5B84B230D6D5B3BC78DAACAF4F249AAE36DD73EFBADEA4E897771E0C153A1094B625493BEB97597D9987D2C8D3344FF24F2F8C0F2FB118C4216D4283057B7DDD1F0D293E2305F1BFCBE7C6CDFADB4D85DFDC14342CF84A303FC55B51D2AFA294C02003458E257D086A9EFDBE7177A0DF7ECA47F8DCC0C31ED65C033345C88ACC306FFA03C3A3EE6B06E3624DBB2E466AF197896F15335DEEF23754ACD42D71AA0773D572C463D27BF0EDA584B33AAA49BF59255CC6A410D7A05D8861E9EC5F5EB6D17CAA5D2870BE7EB20E9EBF16944EB64F9AA99D9AF15D511264A06A261E3DF3C96E337354DB6CAFA6D8BD95040F6F160E0559744C5D4743A50DA9A620FDE68CD59277D9594F3EC154981FFEAE96A4EC08BD2B05773F9A5639CB95EE98CA07E8D805C4046F93C3DD90A993B2A9BDF205427FB3314B5609D74A0B1296FAD8F9EAF420E49723CCD556A7898527D0E41A5F274974EFACD319AAFF158D52048F56E565AE8622C7173A7048F0A10B1795FE7EAB4FBDF78D32DDA2963C1D3390273B92A275498717A3F9117B49C93C67DB1DE04316CF2B12F1905F94205D3797D8779046E0D39352B92E76FFA67F30ECC5A68A662068EDC9EF21B04F47FEC06AAD7EE94F1FDE88372419E46B3DDCDB2CDE07136D5819188A615ADE2E172F7AA49CF1356FF4C51F5926CCC4CEC7A3AD4356BE83589B483E2F9876D5EE5922898DCBA82550AF225035BBEA521268DF03D616B62A963984EB8FA173C9B0A68D5CAD8E5EF0823A8E3CB51444BEDE2C7EC66AFF64FDC4CF503301C2633266020BEAB4BD99F924F28DE8E339BB9280C4514BC348D0EE8B819ED268B3D7926981EBE8E82D077FE9CB22C3567C86F536D0E059897E1E89838ED974F4BBFE35F6936C23333383CF336B595C3ADC70BE9DCF4FBFEF1E3F71356E8AE45368DA6F603AE831B964AA71A3D3B73CE0FE00E5268CB9DCCCB1ADE38913B09E6549624CB29CA35A349AD41FC51128B014A3697F4212C2C5775EDB4382F86EAC82EB43B995B5FD4472291188FF6FA12172FBD064136ED1C44734CEC4C0F42E1E8F02C5C3F7B0B9323ED6859CEB7C7ADE17787BC59A96891FC2C34E843FDD119633A48814EB6FA576396D050CBA7351DD03B283C32DA5953D62AFAAAD51F6F766E7889D36AD24DA86FF162E85155D454B668EEA1AC0E9EEC5DF75902092B5BF44ABB2E095CCE7540F70C6230B6D9D7798688E1CFCA94CFB2FE57F83592BD614AE5CBF6EACFDAE48FEF31754AF1F552EDD616D4ECAD39E2F24AF68793D51600A31658576E4FD5174187F8361E55F603017FF0186946F0498F655F9EA4E9705158B12BDE64F6F0916FC9EBCADCCE3C75C97888DE63C8E11235E27C6C1CA9E1525A30C72B5D24C347E316E71D8E7D9FA86AF00BEC5920726423FA3E3EC49A2D2D95A012FC5C9CA6ABAB8F431E301B7845495D32C2FF401B74BBADB37FDA22F080DD831E5FE72459E695DF9B285B71DCDC58628D106114521A6D5B12A60B0B47760BA0EF7D87B44197FBF367F76EEF06B1AB1200AE1A3B7E221931C1FFEBB9ED38AABE4FE286F7FD26E7A0267E4B023E7AB8167922B7964FAC2AEBC18B662553DBDEE6023382B6269F69B7A3944C48F75B0B1CAEE88FD25D32D912358BD6852A70649E5BD3AC348A79BC9A4332C4F345BFDED6380911C2AACE653AFD7BB0FCC6AE58C6961046E0CF516C449A9646B74DB7839CA856AF836EDB99F2C999DCE29AA57A2936FE2161520AA0EFC8425F3E143732F9847F04BB72DF0296EA3ABF6D76C1FAFCED9C3228B85AB254023902F8BC2574421D77E74385868B7EF9C30C18E4E31FAF2474FCAFCD51A7EC77C1DEFD716395EB7B3CAFD83ED938A54BF958B9692BF30FFC2A896B0ADBCB8BF879863FBBFB4965FFAF35BED67EC1B6B9F7B3ED4650FFF6A2D75AB097EB4614E5BC115CC72DEFEBEC3229AA7AFDEAB2668958C17165CE70E58647C0F87EE152312C308040782B1E0ED40009C65146B8A6664410D3E8A8CD179EDC90B1337228D2A54474B1A0551BD22871147D92DA23B051DC995610F351FC253F66ADF4988F227996AE18E54FF0A3383E076FE0E8E3EFE7EBCC606A6C647F29D525108FD6F217D2AA1F61633246157041E8DBE899FD71611865E1066FB9375547262089798EB5F110F41872E718D87628E7BF8F442B76B69B1045730ED1E57F6A07830FF2F8668E937C0FEC0DCD06570C037F7A789F7C0F7D499917B806BC8D7C03A4CC597AB75549FA10B43DB43A5F5452F51FFD545FB81644B9D4BB69417D8E0359E86EF42737A3CEBC48BFE7CB90424DDE70D283C790B624D2A39C408830F0F18DD73225DB24A3292C93CC89CE35AA67971A75950A053A9F67F83FA1FB624485166C5152F7693C45F90DECEDC4D873BFA906C77D53FB91E9F2873C6D411923F9BEEB94469D4C3E543DDCBFB1026236649AFB0F7A5EC25B64ACBB4311EFEC9144F013FCDA7A880A882F8207FCF36CAFF66BFEA9EF801241545DD4CF4C561F08D2DF7D72D8CEAF852C63D586876F28051D15A755BC2327DBB3246F40D5599249C0B6ECF2FDCBD9EA20482F94C2D7D589A1F55BF83A26A77F1E64291C5C655720AA011A8A0110461884CDF6D8C954519A436CA684CA88E9F841B15E3702B498E5987BFDC09AD585B2CCA262E7C7DB6CC5DD6AD7BE86AA161DA3E515A42DACE3C223B7480FA5BBFFE8381C0169B6F882803676A68563BCEAB4BC82D7CF1975056D27AAEE8568A743BFA55BC04979A84D4BC2C38C2842FBBF5450F64468FFDC8DA36640E58CF0D230264DB4E989E25F409BFD26560FA20CF3D205F3D0E4D24068D11BF0CC8480050F3B0316F6AB2403532A0AB54E60A185717A7FF3391801E2714DFE71BBB3B96BA7351510B6260C4C790122E18C22352C665AF8D89B9D9D880BA07B0DE40097FC4CF589643D87C1F1EA6C089495C11E41D930B4B8F5A02C75BC89C94FFE45C8251B826F50FC660F7079319D20B1AE2FF464FF2FCFC8A6CC57C0C19F36A231267137EC2EC0FD2E9F73F6A047FA18426C87FC60AFA633913B15DCFFBEEFF114719EE131FC29B26C6495F4C9F93092DD8A543D1A5CBBC07E0E1309964CB338FA1B6450F68DB8D10DBB8262EBAFFBF01773830B72B97518141054C3540A4FE228FDAAF5701B5C4386319A09E117BC56E0E3731B04E87BDB514CCFB65BAA696675BEE73945F5A9AA7AE092475C87C86E00F6154512C4CFD0022899373DCA6E4579CD0564C7A6648B637DDD961F53FCCFEC7252096836C21BE6952774323EBB88B420EA2CA32229D6F003C3F1C7148F035AF59AEE4E0EC1F2EFCF3FDFE27AD1E799C94A2823BF33CCDC6BA3E87A99A2C4521EAEE56DCECF13F52CD3F0BE767E59A25E348496AEE91242A315063FAC16F744516A2F982BD25FAA0C861220182AC3FE8C1CF12FF13767F3DDF545D9B0CBEC49CD2F53631120BA6CAF14A5A1247E83CBF406FA87E96CBF1E5138F31D8D78183F74FC2F10B34BFB8E1EFA46F2EF5D2208FB8D963E6DCE5D47DE617B7C48E1110BAA809ACA8D04535D29CDA3081E09F6AFDCE2D7FE9DB3AAE78BC75F8B667F2656E6CEBFF8A9B96EB7A4DF6F6F590EDDBF75C545BC818813D94CF3FD8524C06516845F162E91AB9AC56F1619B11AB16312977CE12B317D8C71B1CD890E0BB6BFDAF10DCF32DA14785216CA4B582692DA42E7FF9FA4B9F9919AF430BF7CC5D6B2D5810EFDF63F55B7905FE5D73064929B14F6A6ACB549420A2426E9B365DD5994A25A8C9E9414624C47117871514E218F6A4DA9FD76C22352A98BF1FDBA3420B775A4BD361D9730305607E1B39EFFC158E5E251A7A1935FE4F2081FF71815B8BD4E854E96D48467ECC97D20D68EDD536970D63100C1EE6CEFBACE298354D788DF7FCA390E4BC2F13E3CB2027C7B73E89D4056F14E80424EC885743142F6CB0744717D1AA4BD0DD0E852446E924537B75F8708472B0C7D1EF9A4FFEC9CD9DC17F10CE66E9E4A8600EAB59DA1BD3D53D5A94F592AA51A8A605E635398CFCA6C996E00F366CF7C709B694C7CED0466209D29DBDA98AF81DBBDE9C4AAA9C30AD17F896C67AD04B717C49568DC2936D7E9F98EE4CAF7225B8038F62C320AD339A438F5388481E0071713EB081F0FDFD5092FF1B14F4F79B70E0122D13B695E3D147D7FA36EE81B9591BCDEF22F3E6C4D56297FDE13711F28EE677B62B96F9ABACADD4F42A05762B39E70C1B8FA66FF18A4D85EE341AC4E437E203318B8D82B143E6E02A3E40EA8F27D7CA18ACE87265689E6570DAC485B76E5E28A4E6323D320EC01D992A0B3C5CB1DD3FFED27612B62FACF10623B7801A2DEED59CAC3922218162F19D85272D055257810566EC7576AE6EE76C929BD5A43A48AE64306C7DA05F4C7117DEA650DBA9B5FA502496F1F129DA0E0A84056736EE32368F3E50C3766D3FFD82B29E64C1907672B074FDAEFA8BECD3A8606286A9FE6EDECEAB06F007F44A9AEAC68E6DE72ABE6231FF3792B1042B7FDE14E741E82C5A008687A2085E73C38B863AB7D278597509157BD88234A7A8DC739DF2A49B21FAD2C7FD4E52F217B8C63701173CC8EAE51BDF4A8F036FBA38CC35ADCC0D1F7F39AD035752BF91A63EDDB4DA2638E6D2DCB4542794999A8A19756FA9BD85F84929919F639ABD632EC96F6A926012987597DCA512AB54B68D95295023BE3661AF6317DCA0C2603E1996729F4E53568530975A0AEE2A77C6A58D946CFAA9178EA76E19A9BDEC321056652DFCD01454A86DD65AFD514653D5D6CAA412EB1DD2A2228D46E61DF9B240CE13FD6C5E22ECF270F7499F6DEEA6A79020B72C4679DABCC11C93718CB22AEE713B86DF1C7F776DB8D76A9FE5784677A58287684CE5CDDA1402739562685DB418B15DA7ED221A222F2C478BEB8FF6E5C0C031AD35D3ACC9595D99A9BA31949A26645CB3C203B7D13A81C642E68D2812E02FD423BA19D0DBD1DAD8692445952FA0E16EB98139253D3680AABB42CF6151A0819CFA95F1C4263D9DC79CF72C8DD046255B327172D669FA7D9FE86EE378BFBA75FAC655B2AC718A673BA1DD72BC9A12BBF53DF02E7D8F7BED35770891960E4E4C4E211D86E84E27E64FCE20F2DFB454EB9C0D15DCDEA0AFFB8F43768F3213F1193BB9F9531DA62C5B649A9462950B65F592159970EB3FDCA58BB8A282D2CA33CD5F1E975F754DE4F1E41AEF2172A4DDEA6C133572E1773A161269A7D82830536B332048C9780263FD09BA27FCD334F1E57899591C13D57C9ACD4EC4D7C3E9B2550D7C5B02539C05B97DEF99C1503C656CEF843F5DC8BF9F5C5333E1FCAE4EF3999A9CA14EA92227BEB819F3E21F188138C3A37192BE1C56C74C5E96C9638A4A48E5B040EC9265AE82F32BAFA2C02B240FB5A084FAD5A6BE65F85EAB6D420282E21355CBF884E2ACCD8E039BA7A3A5A4F336146F26DE523B4B6F57BBB8E738412A0FC68A26097355CD465CB7233B20B117EB912278313755193EE2FD8CF65B38AB230B323C71995B9F7D2424AA628A6045C3513524EF814734A3F8F60604537662D5397DC638AE1B52CE2C9CFD386B10A64A7AA9CEB8759678D91DCAEF06D2EAB0B80851AB93B4D11784D2AB6513398E75A7A8C8E51A8F653FC91498F8137839A620ED963BCD606422900764713BF1596B9ACAC5CC317373E87CB603CD5FE87C337531F940F81C31909289155ACF1B3FA9E2F850BE2CE12E673190E64D166156880EDFC8D4E697A3B1FE5BDDE5B2139C5326783A01A8139BB2CAC58EE72325DF53430C27DCB725E2040FF565DE06E663CFEE91841944AF225DBE73A665990D3D441FB9FBAC19872098FE21CFB1E61495C84FF3FBE6EEF8924AA5738E177F93BC935DDB9673832F32C3F6D8D516918595F8CB63B1C9D850291E62C49AF596271143CC4D4A6EC1A38A4F490435E66EE1974638F16A3F276499224B23C9BC9122877C0BAA5275DBBB484EFE66C64DFA8C762CB0CA4E27BC09A3BCA11296DA1F817CABBFD4F08469F204418345D49A9DFB63AE79C359469C031BFF85D0892AE381B1D2841F27065A65C2290B771445B235074D0828B27956CFC6A4525AA91373DDB1D4C2064967122BD05F4D51044091A69DFEFCB5EC74D1A346AD2071C12D17EC992CA94EC650C54B6E921D1BDE4AA9AE1153E3C4174B519AE3AC6E844885CE2409F6C0BBD8C5368216018C58123CEBAE60F7E26B6303B597FBCC2C0C751CD73F1FDC031F3455406854882A929D7D738EF5FB11C204753D5A46651BC88224DD68482424DD530C43AA0C276682C59103908C3150587521DA6002A56AFF06DF49B8B3D9616EAA4230B94B0AB3FF7BFB2B6DF466894A2718F8A488D37CDE682153FD57271B96F5E69A8465D56CF0B97EA8E55347C58E64314ED093FCFBB3F199D2048709BAC7B23DD2A99A7D36E8818DBE3BE545EF7D456C4899AC019FDC17676603EB158D2DD0F87C0510FE7B20C1CD57C25AAA8653294D3E7F9024BADB626C4F8A373EBE949ADE98BFAB6A82F77171E3206DEA2767787FF623D49A693E247BDFDC30BA8D75DA6A8BE93E259C66C242095D9FDAC69D91CBD0A2D5B3851C0AFD5017DD00AB82E81827156811420281521F6FC7EDF1CF1F557B5FB29FCF09CAEF5F99257D7BBAA9EB7B3CF6D6CC35E956FBD8996DCDF6F99C2B696F98D585596106F354F9109B672C46B3763E6722DC6CE3DEA8330F868FE94C21A1E05AD6247405665EC56AAD580813C7AF9F3B13BFB4E2C63316530CEBBCA8EEB4F37DE670592C8E72A98BFCC29A25E89D02751AB1FFE70A871A719DBBCC64EBA8AEADD6F13BEE6B03CDCA6F654F6F9E4C1273ADAB9875CE277EE9B9078A39CEEB796FB58B54DFE64E6C297A2D4F6A10BBFBBE87A34656787B2B61DD505EFC284760AD8CEC1BF3AA130EAF34D5E6C238A3A647107F46675F00C9DAD86235C85A026E3A2FC7EA69628B3252A774FA4DE18C4A9FE2A08538F4635B12AB63E42FCF1F12622E44E4F9BDCE237CB086065125DE4E0A266E1D8E7AD629412E8553A5C9D0BD47B1546BAB17E7A33ADF37F11E4D8A24F01CACF0440A8B7AEB80ED5BFFA0E5B3E7A735DBAFCB5AB0EC2A79DEF8BC923223B8E26D424BB09CD125BBC4D35D66F1DAF58DD397ED53EA81E5803A23BF07A2E3FC85A737FD45E1DAFC39C6EA9D5B470ED3F01C92FA9D2A083DBF773786DFB999584D31B7353DF557E2C1CB9452F13510ED10273FBE6AEAD00C9BFF8E667838DE7657F2C5B2F4CED41306860DAFB084A65C37CDD9BCB1ECD3892F3AF647CAB581704539CBB842509F85CC41527F8C9F1D750FD29E6262A7EF0CA9AB3FB38F95CC01212F6CE96AF81466D739CEC04B5BD62F9A495F93D0EA45DB1A09CD3DE681ED97C186ED4BFD2AF66D4273FB190B5559ED13791C8A419C26BB9FDE0ED69F84EC274E84D5C8384EC904EE1CA5EAC7DF40CACF742A47A901F930EAB88C56619F8C954457837391E3C8EBA77E75AB94B9E187531C740D574C4461576D31A255524AF0E27409ADBDAF83087592FA4C5FC391CE7816365937C96EDAD608B10BB24D624206CC35820693BE3EAD3D94EA0192F761AD0BF5E2AC3F68B43235A23D13FBEA9179AC4584B857FE7CCAD56BDF5FFED27387925710AB70846A3288C665C04676ED687FD3AF8B3DBB12DF97D535FCCE5366874AC409D33AD7C0F03CF870FE91BB5B7D7D74E96D757CB5EF149D68487CC76073DC679B1716B72AF6B5DAE5D0568FC27124342330DE53A1D6B5D91DAE6466F7C1CCACFAB8C86C7E47BD079A144CC07A41ECBEB731BA355B0577F66E7B35681A0C71BC17D8556AEEDCC2FC797D4A2AF6A3AAC3A5A8DCB96F823FADA3AD07114B9195458CF0534CF1ED05592977C9F0A1313D30C7A73E3EDF6FAF9D7833923476B02B3B56362BCE85E44B887CEF3B010E4C001A8081818586FDCF576DA0A001100C260616053B2C3987F20B517B6C4A4E2E11AAC70E7E2AC676B1BFFE9286821206BEDFF8F622820AD75FA9C1C4E5C897BC1B7420A14CAFA844E6BA077CE11AC28BB4F6DE31143D1B85E2B6B62C42E96644EFE7C849F946337366D8B60AAF6DF209DC25453ED3D9B80AA0D49D6017CBFA17711E2B0B69B7B9E27D475A736F7321DEFE42A25B091605A296BDBA545FA5DFE0C481FA0CD6A4A8A1612F686BA56D17FCC219F2571368AFDEFB2E267F87746127A4248D765E7515B1A285BBD245F4257F9793B58644CD84A6BEE6366B98C9B7FEC036834FC685B6DEB6CD3DF34A853F94DCFF99471AD8064BC2A2AA27B64925994E38CDA540F5F1DE3D10BA509A902C0E29AE91A6EF4F729CAA59A05C0EC09EA09E3614719AC94A24490BDDB1B93EADEEB25D330E72E8A76B582A951B2FBFA3FDBEAC07A6D4597F6ED0E13DCD577148314DC579BE999B94EE704E7887EAD45C46EC646B49E0AED470B673F964C92883EA9D16320B7070F9E41EA87B6D8FE4CD8B3889A098E51DB23C0D6DB13803F2222845626D43CB7BF45C79EDABB66331C3F633BE7517831E941E24065F2C37A188F2E599289B108CA44473FBB1061EAFE63711E9A54190DD8157A7E35862510A798CF0BDE826414ECDC7E8CED3B87AFBC5F39D35BDE12DC148012B0554E3A4A9CEAA28912D12FD148E39D40986F2F6A96C2C1594CB9055DAFC8EB77B332BA26C02FB8B11E047E4220130A0AC9018BE120CD1CA4D7566118C704C6B5E7C3DCC68CC24334DD2F73D4888EED4C1B5A58159EE117EDDD6CDED6B059B318904D1E50A66782EA4762549DFA885ED4B64F50E8BE7DBCBD4D54980F654FD11BF2141CE9A1EF1DEE264B05F5EEA44571E316A2879D713219DC2C028ECFC8B28F63108FC1BE34D315E86E94DBA3A41A92905944FA2D4DB94CFCDDD0F73B49E8A47FA5DBB916A4724F4768B54576EA5E778157912F3C4F7A83F8397005B1BC7CEBE0C7CD5AE5545FFCD6FA3405FB4EB7982A4C08ABB4D0896DCB8B80B8F94DE1BD372538C27E422DBBC5B11B93746FEFBD9C31DC8C5E8F89A29AAC2F57E936244451998F4FAD3C6468DDC58CF375193F05E919A841149916A499ABF794DAB7DF89EA167D71335607445F12CC326B97D02C55EFC5AE51E48C4E93E3DF60D0D7F71469238FA369FB072137F324AAD07874F9AF45299684226DCDEC27789F7D35DDE0587FC58AD255CB8570F8EB040B9358F7B0BE7CDDB781616EFDA57E647475842D147AFEC9A3F10CBDD55410642503E4B931D8144E0E0D35DE7CDDFB0B0B8E8E96BB941285FAB784185C04FB3DF032FAA2833BDEE8149D9EB477356A13E87AE0121A09B382FAD0345DD8A73BF4C905538ABCC978FD676CBB2177333D6C404B6260F907FFA00792868101C2C340C0CFC5F907F403C8081054B4EC1CEA10C4729FAC21E5B8453C52F161E872B8BEAB192918943E5AF171A7E007F43F740F206C5BBFE1ED0125866AB2FD2068320543922D94A6B613BD6C874F9796669CF1A932F3D8CDF8308EA1FE9ED646216180BF4F015540BF688C76E2941B0C82231102AF13DD8E527E730C6193174211B3ABBA1E9DD57A4CE18D5CF2EF80F1B6393EA3FC160A1A173777A18BFD5C15957A70D5334E921946EA8E3A499A244DBC2B58FCE43200BC1B8076484FD7A4B444CA676397044445FABF0C67C4D14BE41E1DB933058C3449608988BE5DB9517ECFDB4DC0A7A9BD7493A03B74CAC33EFCF169622A742663294E76D976FDF91A0736D5CB72930CB00DD203ED6A0EEE02DCD8C0ED5F10EB512792F0CFF8C2A56978AFE397CE9D1489667F7C0CC3193A1DAE7EFD91912D7AF4027C8AFDF00D42B73BA1F5C05CE68B4D84FDB2B4C51045D8B329EB1CC7FBD21E47D22A174A6BFFB8575053EDFB032F3512ABA49403DEC502505CDD2D6BE8BEF55CE254F824D8F034D05B3DDE6E192B08988481164EB23423D155A9062AD72EEBEA21C1163DC361CBAEAC9397D17819633DC6554676C36BA121A422B0AC274ADFAF12D0F422BDEB2502786BCDFC0AB813212F8A2431B862732184ECA3154A1AD4F369E9D750C1F4C80BBB8DC7B05AB32937626E9E902EC789B60344C4691572539F979771514D6A53AC9F46844B73B90B617D0691694F456B65CCE2A8641169A347C5AA433C18AC558C2F6896349CF08BDB5D6BBDB5249F341406C27B1A4D2F3007B7C147C3D924DA3CCB81087CD2D7BF964C58F9E9CBADDDF32E46A231BB726B61BE46C885E72058B05F7642D1678A651652E462EE0DC983E671B4FE3F92A80466D4FC89F211A62BC3FE81197A05CA5DBD06B2B729DD85330EF329EB3FC469ACE237591E22066A507579D6F8712547C76CB55240C7EF994D2060D6D43565BEC6229574883401C7B84529270E12D188E3B23283DC954F4B18F85C9A378AF2D95D7B4E22EB493E02D7E03F1835619EB4E4FD3E5773CB4EFF2B2BAD6231462672F9DD172B5F4308D39EA7628DECFD628B57B6506D84EF7ABBA13DFAC3FB5504C08B676E6E0FF4A24D3E0C698D955BD88E5264B70DB8D0E2870E7DC034336847DE597B9565E4629D0761EA9C1071CD589879C8E2F4D0E7AC5CD548F92021F69CCE50B268C9C77D86B5C76EEBDB7D0FC101B06793B7F4CC91D2BE4903A4BBB9ED5C870C8B19C33553373A7A5B5FC0D9E48DA49F373B945AAAF975AC6D783F9F5A74901A004E963F4B4B554B86FAC0248496545B663BA17BC365D6335E7E07B2019C218BD429CB00AC7D848BF3E9EC184EEE5862A30277A0343E096F5D8A67F65BEF0B69B517EFD92A8E3F16AC4570E35AF5EDEC7A59B2F0EA2A1690AF7329A0A06BA91F36DE43CDF13CBBCA622F391D333518C54CB10DEE903CFAAF7F87D9EE37439E2B8073E25411E494C46B5A000F7806340675CCC5240A46CD8D0BACDC91B12D6FC255254797E02F4CD588881B0FE139CF2454A5EB5A5895B7B8AA6BA11A676E339B890798EDB61C34E65F37347CFFA0DD58FF1544BF061745E66CB578173D0218DC1AAD7C4ADA113C8D633DEB60731EB4C5A26F75FFE03514F9E14,
        0, 'image/jpeg', null);
INSERT INTO virtuallabs.image (id, create_date, modify_date, name, pic_bytes, revision_cycle, type, submission_id)
VALUES (3, '2020-09-08 21:30:37', '2020-09-08 21:30:37', 'profilePhoto3.jpg',
        0x789CAD557B3494EB1AFFE6C2B895999062A4B0ED4C2EB90CA519B355E31285C6208C629218A5ED5EB9B477DBFD5644ED88A230E392CB8C926BA234933D356686508A86426E85107346DAD967ADF3CF39EBFCBEF5AEF5AEEF797EBFE7B79EE7FBDE57D82D7C03C00F58585B0020100080440F207C0BF8E3C37D4F0080B5350A9000000002E883C0004CB43310AD0D6008000656937DE3A02B14C0145885BD2FD933C87385015C820150D19B9D06063BC13757B39257B4BEEFEBBF3384BDC03E401C0A858A41C5C5C4C425C5454B5A425C5C425A464A4A5A4A4A062EF30D7099F5B270D9F5327272F2F2727248656565A4EA0FAC88806030D83A99759BE0F04D4A0A080525D5FF16C266002121F2950C012100300204418084AD0052E4160C01AD74E76FC024A062E220304414DD0707401030584C5C5A1C22B91A15054461046CC33673070945357DCF6A39B4F1DEC3BF0687FC96D129AF60E015784BFD72BA1181FCFBC5FCCAAA872291CDA055AC5500A01030484C14524388AA8BF00F03227D7D841CD46045FF574F610F200311E5202008000730B602FF0168973805979D3328C757A39B0F3CF14F49BADE3EF3A6BD37FBC6E43E1ADFE7D0A9932905CAECEDC6057DAC9F6E1DF7D3B338D7F5C5C8712C15EB136DB2AD21227AAC324708B407713E74A96047860C6235C7BDF6CE794F1D59BF801A7EF08CA9821B08CFE196D770881679095EC19770BACFF84EB97669AAE9B38636F58F4CBD5B4CA89B0FDACFF594E45556F0DEF177B36A33D44A1407D3AFF5AEBB5516D85AF748F3C20FAB671ED87248660A85A75494DD0891D4D374781D45CDC739F6AACECBE58DF3AF0BDC5D1A8F0E62FE34C38D34F49D3691BE119C39878AE3F1595F863383DC1B3616115CB3AFBF8AB98C50B5CFF2B951C9F60080A90ECA65D77778FC28BEE742D88229871185CCDA11D263C9EB46167383AA23E8D40FFAA1250507C75E0D4DEA3F4DD49953A6D8E604D8484327B9FB9093D8AA473B1CA6ACDA2CD11D8127BAD0843205099E59F377B3BC81F34B9AAA157CD2C803078E45B95567D90429D92BB496191FE2FA098361DC4F253A0902CB1FB8FB9D0E93C4E89C22F3ADFBEBD023947074C20BBF337AF103BBFE206096BEB9144DFCE1CD64B29AB5A67C69943F85E4E047ECE3BA0B7EDB23870D9DF569CEC6E2DCDE360D9CD0B4FF5E3AAED6FC35B25BC7D8628FC69F13A5C501F2499A96CBC3B4AF5211E17D156C5CFCC93BBBBEE5755491BCE91EC5BA95BA76F9C5A9DE1FBD740FFFDC96F80E430F42621306CEBAC562EF923DDA3A52F73BD102F03D717FB97F5ED5178BEE7C7637145DE4B5BCE9BD3A4F081855A1B28ECDD864BF44661B7C4B50952B3C6395E3DA34B9D52D02AD7EFB51165585C12E280ABACAF0F2CB33EBCDE4751E0FFCAEF5FBBCB9BD19C6DCF72E6B3B4DEB28B8EE53CB524453E1DEA62D51857227D2E8AEA75BBFA585BFCF33B6D7374CF7B6BA96D0C0D12D890E01F7F7520FA7F71FB4CA3E9CABB93F69412945083C1AB65D2A8F351F7CFE8D0349E0CC2AA62F5D1C0A31448F7E2C5FF43674300CBA1C4FD5F05D2820B2EEA9BB1B0F3C9BEEBAE634545BEEB7BB249B68881F3BCC4DFB6585AA52185FC19A0867E686559B2A5B10437459F9559ABED02846980DB7539B3FD0346A4B1C72B24A70F9DE71B1480E3FF54E45974D440DBE8C4C3BD7782BD96E2C031B3A94C093E305E13F39FB38E1AF0506CDECB1C9CA895C56AF3EB15285C9E81937A1246F641D977620D9D75A6E08510B38DFD5418E18DE62DB6A6930AB9E99DD7CDF344DCA857C6F2F5567DFD5163ECF3B9D6598717BFC71118110087FD7C43CEB7C20C2F379CE9EBFFF90F9ACED852953075AD3B5106E1AA7F73BD596DB662A287AE5DF84CF1A3C3FB07BA2B425DD58C7BF6FD47184BA25FACDD37B84CF753E7EF29DB899980A218020F5CBF69772B4C3DC42F04AF982BB1A7E95E56E1C8B517DC240C0C6844EC9D2C73D6CBAF9D2603475FDFDF0C518A7B002AD9E0FEF48F1EDD7AB7647C9E0EDF7F81BE623BDCF5D4E2B2E5ACC8F71BEE3E094D7E6F8F592DA284AF0C1EF4F373479995EAE75E5EDC50A9D38298752E3F7BC1983FC48DA03F71B46B4DC8C7B6813B4F1369D09E39EEB1CD4FB432A6B0714E409BADC8FD19EC8EB2EAE73F8E56186AC8B46283DABC7B98E138CA02D7FC4CEDBCD0C3FDE2CCF35722CA6DAD8C94B34F8CA29B117F22533E2C6C33FFFAD6197A8EF9D21D39BD5F8117731C5D969D3F5EB1CE6D76A6E4A6EE0F2D3FA117AB61D7C881FDFB3B5CE7711C1364CE70514E617B16F32943A99D4790631D92ED65B7FF0C9A864072E25DACC652E45B13D8C8B7D5FF2D728729EFCDAE8E8B67EFB60C7F14A761676103FAD3203C31FFA7F06CCF23B0BF7905FB0BD65CA0ED568EBF9E9B5693C13E554373C34F5A5F7A3BCEE916ED91099448B66416803867D147DD7114FB91A44EAAAB50D88258F2B11B40F71CC938E01000E452BD6D23A412B3E67099509AE6A6F3848963BC26CBC6D0E4735EE6C23DE2F5C42F3EFB8773B1BDB135063B1796649819F6F7CC9AD8FB48A94220C22D5188D04966DF0BB1FD75C2AC59D47C930F2A0831F9EF451664756B328F79955AF744E7227CB3DAE70C75F225307860434C18CEE34863B709698F8F589A47C5B31B01E7670CE7A7B0572D2A2D66CD0C831E98903F36EC67C65626CB77AB641078648626D583BF121652FB0BCD9B1688A23D16A94F83990619AF9935F49D00C36C59085E4BB9273B5AB3550CD001E734B21EA2D5D5350E6DEC99366622259320B7F6C71CC59FB88942394687D644FC76EEA99A2A7D1DCFDBB9B4A1F14BEA5B073E90094C0546C758A3E1516389DA61AF8C8ECD2D9C367D688A72AA2B336EA8513E6E283A28F841C6CE956C59E04248AAEE8C5972EF78C0B045BCC04B1915BA76FBF59A3F41E1302DADA1E934513F0A1E5AA91EC980AB373CF0184DDF6A388234B8C57AC557FE602EBE61F1450CDC365179786B776AFB7752C79F34CA48F45CCDC04D472ED1BD5AA17297557AF842F666DFE7C9199F18FD69CBAF8B5A2F27C4B5EFDBEEC0516EDF4C6E6F9D15F563A1181F799ED0AD3DB3E35A76DF80196F9F39A31F15ED8BCA7D75C0C2E3CCE64E6AA639FCE6F9FF81780C4B37BBF24B23F968F7B380C8EBBF870645187D628EB6A64A75BDA26A4A2A6D6078CEA52EFBB4186CB0090FC74CC94425E2FA9AFBEE089E846B9FDEFADF65715C424BD965F1A40F6F34984333530B62B00D612480FECC0D5D4D59EB54CABF5CCB3C25077AD518CBB712C69C57AADC5D6D5B9F8CBFE4F7381095FFE0B58D96185,
        0, 'image/jpeg', null);
INSERT INTO virtuallabs.image (id, create_date, modify_date, name, pic_bytes, revision_cycle, type, submission_id)
VALUES (4, '2020-09-08 21:35:10', '2020-09-08 21:35:10', 'profile2.jpeg',
        0x789CBD7A7558555DB7EF824D774B777728D2A974778320D248776CBA372025D2D21DD221487723487787D2217050DFF3BD1EBFF73EE7DCE79EE7AEB5F71F6BCC39E61CF51BEBB7F65EF733F7CB00868C84B40400050500500F27703F070402B0BF0E38385804047804046424444424644C14D487139310031BE3E143F888080F178FE8110339313139031B1D0D1D1B2F1717AFE433497D7D6FA8FFD705EEDB014C0428732873101405008D0905C284BAEF04487E9808037AB0F25F072C14340C02080E1EF17E164080FA3932072D4B63CD41F3A6167FE4381AFAD8208A206E4E507CEEF628F24D9F2E8AF4CBD26098449919E387494F04E055F9C861F2FA6DAC3BFF12B153576974606933796D490A4022C024216EDE477FAD16CBDC62D395D4E83AD86B04F03EBD58C29BD7F6988B7CCF8F3BC02C695CEDA82F02D07D4C93391EC09C29D33692346E300DDD37A839BE0782640A75D4650AD5991A75B97E4C6D30F52309DF48A4AA74F69467CC5503D0CDAF117FC943C57E5A1E77B267C8AAEB300AECB76A1D04FF3008FA2FF987F6BD843075269921EBFC6CE723D07110E30D54DF6F2ED149D698B67E7C5E666FEA826D610AD7B2FB3C641A51EB875F1C940FC646B04DC933C75F2B7BF9C69CB21A1A9C821FDF036D4C8A25718FF00C6AD7E8215D0E0FC67F24CBF4A96B3602F6C8042ACBAE07E27EB7D8EB1ED84C9FB27E1FA45694A0D2D8579C96B44BFBACF2C7188C0B53A21624628F8FA9F2AE11807DA7BA934231B7D1BBAFC95C89F0C33EEA8A4633B5DDBB3C00D4D6B296329615C69C50D1F6331F0EEE1BEC27380F81284A30DA9276D5FA2D0B821A0FE974B90AFDCD81955D1E308093B87F565F755647F0ECE7AE5D8620FC2CF587158AAB8F7F445D93B982AA52AFAAD3852929291B0CC534F3EDE745A2D68FCC183FE48B6522AB0DBA6577F0C1B81FB653203E18F3A3006C852A8D80C4B77F9609177A1998401F52A5CDF4E26FB31FC6F9BA0545EC5C06E3FF9AF69785BAF6A3E4AF1AA0A2E0F778AD1E2E4CF76C397F98F4732781E91243860C4708F7937D4E84FF14FE0ADD43ECF992B4026B7CE4DF7646B6FAF6FF4AC6BF2A49938D4EDF2F4FE0B9682C9B81CF4446E48F6C3C7845F1A330DB4E7CB94E14A26A5B0E43F7C91BAD62260F8B770C92765AF2937F8CFE2866D9AEE691424E5ED2894A4AA250995798EF9E7777D5F18FB5681ADD30CE1849BF3C8D623B51677091A47CED5CD4E48F3F90402A5E4ACB92CD6FE9A2B36DFCECC340B583402E6B5FF3DCE26E831F89D7D49A9AD77A5735E954A3F62BE5CD6B447FBC85D85E4FDBF632152A616AC91D74C40873D2A326D1E8938EF7410F8B52083646BC4D87DFF1FEEACE5A15A92B92F7EDC66D9A851F96C1457ECDCE336A7242A8B2EF834F9165F9BB874197D6ECEF5F13BF9FEEB6E9BA0AD35F90F8C7274CA073961DB99A4BB5902FE3C7030B6C2FDD6BC3A064F46DBE7F87747D24B031FCCA788B369C1FBC5B186504CB74C0FF6EEAD6023ABE717663FEB5B08BC548FCD3ECC6EA8B3E141F7668C7ED4948E815874C017103C8F85CFABDA068BD5043D0C9164E1D5626FCF8C7A1134E18607393A4C9F3E06A21FC4B8BFFB75B3114769CA20CB19B47438C60DC01D4C3985146C1094B67E49E1E740460218C04B7E0418188667B56C1C365D5EBBA9D2154A5E801EA35B1EF860194C6B4E9C53381FD39FEFC808050E804D5B96C817880B879C33BA447C150F7DBF1BC12E001AFEB5F007096F1F2F4B06146F73C3489872A4E78E874840FAD0C0405F57BA78382818506C1FD6C73D0187F89D8817F3F60A487153F860248827326AA692946C02BB3A5CD489603002A5A8AE416050C633CBD4E94480D9C0C17AFC22EBA80D199599BC1956BA746F0C2FCF4E00CC54C00DF19CC6A0D46E205E82C47814874D606E4EB36A0F73D5CD728A0DA0D738B6E046C6D3520F383014EFAE09AAF004E65C776130025FB283B3A6F1B8055CC384B77BB868001C713E241BD250030364BF1C00640E3932AF9E0BD9DA6B1E3E25EB483EBB38D0C32AE2D4F17A7318312986DA7BDD46E6EDB832379FC9028F23AA39DE4213DF4FCBDC55351C5B6BD674E596B041EC52E9910AE01BC1E19E7ECA7F29E8BE4665F9BF6F9347393224E6B9D9A027199AA739C8E4786DBAF336C78FD491F378E21A63B32785D7CF6346F40E3BA7D0D33C0F5147EB774D10133E5C88E56FBF2324331DBA6978B59172B4100C53767E6C24186AB64069B84C96BD870F4F5F53390D048FDDB9DB563F7B925690E6835160FC4B0741F4EC8D1042522FDDCB69C5C4FE7C4E2B5260587C6180707E7E5E03D90754D0F4E227B481CF143CEA0FF6BE6A060A041B070F0083F5307FA993A5A6300C0A60805E0448C1FBE9400F4CB077932D009D08A700088310860284EBAC23C7F72407E9E89AF762D4E871C5094B8253EC475E700A03DEAA042901E04AFDA883D2EC104A7D607D039DFDA50D3EA67E0D2D2BD800C91182A4304C0A504505D0723B72861F61601740DD548021580331B546F0180EC6D27F9B09DE9622F933D1870B60D610D051EE62D1B01D01756D2AD83C600F4567671F0C29D0C0098EE1E7798B2F100D0742DE33C0233315045799A65D7DC42AA68AFF6B4C1ED89A92EA75B53FB5B5797EB79437D28EEF595032587CE0267A87A7D897BC70C1A1CCE8E75DBCD794F0AE4924AF08FBB5921577B0E384572297CCF2DC571E73C05F3431CABE520893DC2525D96174DD7669D6EF32D8E941BF98C702C2DC2A667BEFE27571C9C4F973ADEA238EC79F856DC79950E24A35C7BB82F777D3E37D4BE2463CAE0C49E2A7F4649C2E67B4616E4BE6BED37552A67CCE6CDB54386738CFB05933557A603D36ACFE066ED23BA2E3924411F44107CF4E1C630CE6B915674B4B0C0F8EDC061FA878D0C7639FF5B01388A8B23E913B6044E18BD621081F8914FC6C63DC0928C907A0F3C24560A0380024181E091606040B0083F3808143408061680C384C720E772785F89854D41C921FAEC85FF0A0E3BA73202AEBD9F486C3B9598B163169EB88A9AC99BB8319AC701D97FD114286160045D735700CEF5898235931869F9A41BCAA165EA8C46A019C61CB26E04A2983423230F006F413D7BB2B146A7A9573F5A44985A7D5E09C0FBA6643C2F5E0AF7ECA18B5F80F34343F61E16920B11CED4294DD4CBFB2C73477B3164C378B76E4C857E0F84CAE76A32A98671EE6193D1B54C7FFE483DF3469A7AED159D7CB86834C766E8914D17F5E18AA5ADCAEB33F2E88096B367503341BDAA05F7408D5B84B230D6D5B3BC78DAACAF4F249AAE36DD73EFBADEA4E897771E0C153A1094B625493BEB97597D9987D2C8D3344FF24F2F8C0F2FB118C4216D4283057B7DDD1F0D293E2305F1BFCBE7C6CDFADB4D85DFDC14342CF84A303FC55B51D2AFA294C02003458E257D086A9EFDBE7177A0DF7ECA47F8DCC0C31ED65C033345C88ACC306FFA03C3A3EE6B06E3624DBB2E466AF197896F15335DEEF23754ACD42D71AA0773D572C463D27BF0EDA584B33AAA49BF59255CC6A410D7A05D8861E9EC5F5EB6D17CAA5D2870BE7EB20E9EBF16944EB64F9AA99D9AF15D511264A06A261E3DF3C96E337354DB6CAFA6D8BD95040F6F160E0559744C5D4743A50DA9A620FDE68CD59277D9594F3EC154981FFEAE96A4EC08BD2B05773F9A5639CB95EE98CA07E8D805C4046F93C3DD90A993B2A9BDF205427FB3314B5609D74A0B1296FAD8F9EAF420E49723CCD556A7898527D0E41A5F274974EFACD319AAFF158D52048F56E565AE8622C7173A7048F0A10B1795FE7EAB4FBDF78D32DDA2963C1D3390273B92A275498717A3F9117B49C93C67DB1DE04316CF2B12F1905F94205D3797D8779046E0D39352B92E76FFA67F30ECC5A68A662068EDC9EF21B04F47FEC06AAD7EE94F1FDE88372419E46B3DDCDB2CDE07136D5819188A615ADE2E172F7AA49CF1356FF4C51F5926CCC4CEC7A3AD4356BE83589B483E2F9876D5EE5922898DCBA82550AF225035BBEA521268DF03D616B62A963984EB8FA173C9B0A68D5CAD8E5EF0823A8E3CB51444BEDE2C7EC66AFF64FDC4CF503301C2633266020BEAB4BD99F924F28DE8E339BB9280C4514BC348D0EE8B819ED268B3D7926981EBE8E82D077FE9CB22C3567C86F536D0E059897E1E89838ED974F4BBFE35F6936C23333383CF336B595C3ADC70BE9DCF4FBFEF1E3F71356E8AE45368DA6F603AE831B964AA71A3D3B73CE0FE00E5268CB9DCCCB1ADE38913B09E6549624CB29CA35A349AD41FC51128B014A3697F4212C2C5775EDB4382F86EAC82EB43B995B5FD4472291188FF6FA12172FBD064136ED1C44734CEC4C0F42E1E8F02C5C3F7B0B9323ED6859CEB7C7ADE17787BC59A96891FC2C34E843FDD119633A48814EB6FA576396D050CBA7351DD03B283C32DA5953D62AFAAAD51F6F766E7889D36AD24DA86FF162E85155D454B668EEA1AC0E9EEC5DF75902092B5BF44ABB2E095CCE7540F70C6230B6D9D7798688E1CFCA94CFB2FE57F83592BD614AE5CBF6EACFDAE48FEF31754AF1F552EDD616D4ECAD39E2F24AF68793D51600A31658576E4FD5174187F8361E55F603017FF0186946F0498F655F9EA4E9705158B12BDE64F6F0916FC9EBCADCCE3C75C97888DE63C8E11235E27C6C1CA9E1525A30C72B5D24C347E316E71D8E7D9FA86AF00BEC5920726423FA3E3EC49A2D2D95A012FC5C9CA6ABAB8F431E301B7845495D32C2FF401B74BBADB37FDA22F080DD831E5FE72459E695DF9B285B71DCDC58628D106114521A6D5B12A60B0B47760BA0EF7D87B44197FBF367F76EEF06B1AB1200AE1A3B7E221931C1FFEBB9ED38AABE4FE286F7FD26E7A0267E4B023E7AB8167922B7964FAC2AEBC18B662553DBDEE6023382B6269F69B7A3944C48F75B0B1CAEE88FD25D32D912358BD6852A70649E5BD3AC348A79BC9A4332C4F345BFDED6380911C2AACE653AFD7BB0FCC6AE58C6961046E0CF516C449A9646B74DB7839CA856AF836EDB99F2C999DCE29AA57A2936FE2161520AA0EFC8425F3E143732F9847F04BB72DF0296EA3ABF6D76C1FAFCED9C3228B85AB254023902F8BC2574421D77E74385868B7EF9C30C18E4E31FAF2474FCAFCD51A7EC77C1DEFD716395EB7B3CAFD83ED938A54BF958B9692BF30FFC2A896B0ADBCB8BF879863FBBFB4965FFAF35BED67EC1B6B9F7B3ED4650FFF6A2D75AB097EB4614E5BC115CC72DEFEBEC3229AA7AFDEAB2668958C17165CE70E58647C0F87EE152312C308040782B1E0ED40009C65146B8A6664410D3E8A8CD179EDC90B1337228D2A54474B1A0551BD22871147D92DA23B051DC995610F351FC253F66ADF4988F227996AE18E54FF0A3383E076FE0E8E3EFE7EBCC606A6C647F29D525108FD6F217D2AA1F61633246157041E8DBE899FD71611865E1066FB9375547262089798EB5F110F41872E718D87628E7BF8F442B76B69B1045730ED1E57F6A07830FF2F8668E937C0FEC0DCD06570C037F7A789F7C0F7D499917B806BC8D7C03A4CC597AB75549FA10B43DB43A5F5452F51FFD545FB81644B9D4BB69417D8E0359E86EF42737A3CEBC48BFE7CB90424DDE70D283C790B624D2A39C408830F0F18DD73225DB24A3292C93CC89CE35AA67971A75950A053A9F67F83FA1FB624485166C5152F7693C45F90DECEDC4D873BFA906C77D53FB91E9F2873C6D411923F9BEEB94469D4C3E543DDCBFB1026236649AFB0F7A5EC25B64ACBB4311EFEC9144F013FCDA7A880A882F8207FCF36CAFF66BFEA9EF801241545DD4CF4C561F08D2DF7D72D8CEAF852C63D586876F28051D15A755BC2327DBB3246F40D5599249C0B6ECF2FDCBD9EA20482F94C2D7D589A1F55BF83A26A77F1E64291C5C655720AA011A8A0110461884CDF6D8C954519A436CA684CA88E9F841B15E3702B498E5987BFDC09AD585B2CCA262E7C7DB6CC5DD6AD7BE86AA161DA3E515A42DACE3C223B7480FA5BBFFE8381C0169B6F882803676A68563BCEAB4BC82D7CF1975056D27AAEE8568A743BFA55BC04979A84D4BC2C38C2842FBBF5450F64468FFDC8DA36640E58CF0D230264DB4E989E25F409BFD26560FA20CF3D205F3D0E4D24068D11BF0CC8480050F3B0316F6AB2403532A0AB54E60A185717A7FF3391801E2714DFE71BBB3B96BA7351510B6260C4C790122E18C22352C665AF8D89B9D9D880BA07B0DE40097FC4CF589643D87C1F1EA6C089495C11E41D930B4B8F5A02C75BC89C94FFE45C8251B826F50FC660F7079319D20B1AE2FF464FF2FCFC8A6CC57C0C19F36A231267137EC2EC0FD2E9F73F6A047FA18426C87FC60AFA633913B15DCFFBEEFF114719EE131FC29B26C6495F4C9F93092DD8A543D1A5CBBC07E0E1309964CB338FA1B6450F68DB8D10DBB8262EBAFFBF01773830B72B97518141054C3540A4FE228FDAAF5701B5C4386319A09E117BC56E0E3731B04E87BDB514CCFB65BAA696675BEE73945F5A9AA7AE092475C87C86E00F6154512C4CFD0022899373DCA6E4579CD0564C7A6648B637DDD961F53FCCFEC7252096836C21BE6952774323EBB88B420EA2CA32229D6F003C3F1C7148F035AF59AEE4E0EC1F2EFCF3FDFE27AD1E799C94A2823BF33CCDC6BA3E87A99A2C4521EAEE56DCECF13F52CD3F0BE767E59A25E348496AEE91242A315063FAC16F744516A2F982BD25FAA0C861220182AC3FE8C1CF12FF13767F3DDF545D9B0CBEC49CD2F53631120BA6CAF14A5A1247E83CBF406FA87E96CBF1E5138F31D8D78183F74FC2F10B34BFB8E1EFA46F2EF5D2208FB8D963E6DCE5D47DE617B7C48E1110BAA809ACA8D04535D29CDA3081E09F6AFDCE2D7FE9DB3AAE78BC75F8B667F2656E6CEBFF8A9B96EB7A4DF6F6F590EDDBF75C545BC818813D94CF3FD8524C06516845F162E91AB9AC56F1619B11AB16312977CE12B317D8C71B1CD890E0BB6BFDAF10DCF32DA14785216CA4B582692DA42E7FF9FA4B9F9919AF430BF7CC5D6B2D5810EFDF63F55B7905FE5D73064929B14F6A6ACB549420A2426E9B365DD5994A25A8C9E9414624C47117871514E218F6A4DA9FD76C22352A98BF1FDBA3420B775A4BD361D9730305607E1B39EFFC158E5E251A7A1935FE4F2081FF71815B8BD4E854E96D48467ECC97D20D68EDD536970D63100C1EE6CEFBACE298354D788DF7FCA390E4BC2F13E3CB2027C7B73E89D4056F14E80424EC885743142F6CB0744717D1AA4BD0DD0E852446E924537B75F8708472B0C7D1EF9A4FFEC9CD9DC17F10CE66E9E4A8600EAB59DA1BD3D53D5A94F592AA51A8A605E635398CFCA6C996E00F366CF7C709B694C7CED0466209D29DBDA98AF81DBBDE9C4AAA9C30AD17F896C67AD04B717C49568DC2936D7E9F98EE4CAF7225B8038F62C320AD339A438F5388481E0071713EB081F0FDFD5092FF1B14F4F79B70E0122D13B695E3D147D7FA36EE81B9591BCDEF22F3E6C4D56297FDE13711F28EE677B62B96F9ABACADD4F42A05762B39E70C1B8FA66FF18A4D85EE341AC4E437E203318B8D82B143E6E02A3E40EA8F27D7CA18ACE87265689E6570DAC485B76E5E28A4E6323D320EC01D992A0B3C5CB1DD3FFED27612B62FACF10623B7801A2DEED59CAC3922218162F19D85272D055257810566EC7576AE6EE76C929BD5A43A48AE64306C7DA05F4C7117DEA650DBA9B5FA502496F1F129DA0E0A84056736EE32368F3E50C3766D3FFD82B29E64C1907672B074FDAEFA8BECD3A8606286A9FE6EDECEAB06F007F44A9AEAC68E6DE72ABE6231FF3792B1042B7FDE14E741E82C5A008687A2085E73C38B863AB7D278597509157BD88234A7A8DC739DF2A49B21FAD2C7FD4E52F217B8C63701173CC8EAE51BDF4A8F036FBA38CC35ADCC0D1F7F39AD035752BF91A63EDDB4DA2638E6D2DCB4542794999A8A19756FA9BD85F84929919F639ABD632EC96F6A926012987597DCA512AB54B68D95295023BE3661AF6317DCA0C2603E1996729F4E53568530975A0AEE2A77C6A58D946CFAA9178EA76E19A9BDEC321056652DFCD01454A86DD65AFD514653D5D6CAA412EB1DD2A2228D46E61DF9B240CE13FD6C5E22ECF270F7499F6DEEA6A79020B72C4679DABCC11C93718CB22AEE713B86DF1C7F776DB8D76A9FE5784677A58287684CE5CDDA1402739562685DB418B15DA7ED221A222F2C478BEB8FF6E5C0C031AD35D3ACC9595D99A9BA31949A26645CB3C203B7D13A81C642E68D2812E02FD423BA19D0DBD1DAD8692445952FA0E16EB98139253D3680AABB42CF6151A0819CFA95F1C4263D9DC79CF72C8DD046255B327172D669FA7D9FE86EE378BFBA75FAC655B2AC718A673BA1DD72BC9A12BBF53DF02E7D8F7BED35770891960E4E4C4E211D86E84E27E64FCE20F2DFB454EB9C0D15DCDEA0AFFB8F43768F3213F1193BB9F9531DA62C5B649A9462950B65F592159970EB3FDCA58BB8A282D2CA33CD5F1E975F754DE4F1E41AEF2172A4DDEA6C133572E1773A161269A7D82830536B332048C9780263FD09BA27FCD334F1E57899591C13D57C9ACD4EC4D7C3E9B2550D7C5B02539C05B97DEF99C1503C656CEF843F5DC8BF9F5C5333E1FCAE4EF3999A9CA14EA92227BEB819F3E21F188138C3A37192BE1C56C74C5E96C9638A4A48E5B040EC9265AE82F32BAFA2C02B240FB5A084FAD5A6BE65F85EAB6D420282E21355CBF884E2ACCD8E039BA7A3A5A4F336146F26DE523B4B6F57BBB8E738412A0FC68A26097355CD465CB7233B20B117EB912278313755193EE2FD8CF65B38AB230B323C71995B9F7D2424AA628A6045C3513524EF814734A3F8F60604537662D5397DC638AE1B52CE2C9CFD386B10A64A7AA9CEB8759678D91DCAEF06D2EAB0B80851AB93B4D11784D2AB6513398E75A7A8C8E51A8F653FC91498F8137839A620ED963BCD606422900764713BF1596B9ACAC5CC317373E87CB603CD5FE87C337531F940F81C31909289155ACF1B3FA9E2F850BE2CE12E673190E64D166156880EDFC8D4E697A3B1FE5BDDE5B2139C5326783A01A8139BB2CAC58EE72325DF53430C27DCB725E2040FF565DE06E663CFEE91841944AF225DBE73A665990D3D441FB9FBAC19872098FE21CFB1E61495C84FF3FBE6EEF8924AA5738E177F93BC935DDB9673832F32C3F6D8D516918595F8CB63B1C9D850291E62C49AF596271143CC4D4A6EC1A38A4F490435E66EE1974638F16A3F276499224B23C9BC9122877C0BAA5275DBBB484EFE66C64DFA8C762CB0CA4E27BC09A3BCA11296DA1F817CABBFD4F08469F204418345D49A9DFB63AE79C359469C031BFF85D0892AE381B1D2841F27065A65C2290B771445B235074D0828B27956CFC6A4525AA91373DDB1D4C2064967122BD05F4D51044091A69DFEFCB5EC74D1A346AD2071C12D17EC992CA94EC650C54B6E921D1BDE4AA9AE1153E3C4174B519AE3AC6E844885CE2409F6C0BBD8C5368216018C58123CEBAE60F7E26B6303B597FBCC2C0C751CD73F1FDC031F3455406854882A929D7D738EF5FB11C204753D5A46651BC88224DD68482424DD530C43AA0C276682C59103908C3150587521DA6002A56AFF06DF49B8B3D9616EAA4230B94B0AB3FF7BFB2B6DF466894A2718F8A488D37CDE682153FD57271B96F5E69A8465D56CF0B97EA8E55347C58E64314ED093FCFBB3F199D2048709BAC7B23DD2A99A7D36E8818DBE3BE545EF7D456C4899AC019FDC17676603EB158D2DD0F87C0510FE7B20C1CD57C25AAA8653294D3E7F9024BADB626C4F8A373EBE949ADE98BFAB6A82F77171E3206DEA2767787FF623D49A693E247BDFDC30BA8D75DA6A8BE93E259C66C242095D9FDAC69D91CBD0A2D5B3851C0AFD5017DD00AB82E81827156811420281521F6FC7EDF1CF1F557B5FB29FCF09CAEF5F99257D7BBAA9EB7B3CF6D6CC35E956FBD8996DCDF6F99C2B696F98D585596106F354F9109B672C46B3763E6722DC6CE3DEA8330F868FE94C21A1E05AD6247405665EC56AAD580813C7AF9F3B13BFB4E2C63316530CEBBCA8EEB4F37DE670592C8E72A98BFCC29A25E89D02751AB1FFE70A871A719DBBCC64EBA8AEADD6F13BEE6B03CDCA6F654F6F9E4C1273ADAB9875CE277EE9B9078A39CEEB796FB58B54DFE64E6C297A2D4F6A10BBFBBE87A34656787B2B61DD505EFC284760AD8CEC1BF3AA130EAF34D5E6C238A3A647107F46675F00C9DAD86235C85A026E3A2FC7EA69628B3252A774FA4DE18C4A9FE2A08538F4635B12AB63E42FCF1F12622E44E4F9BDCE237CB086065125DE4E0A266E1D8E7AD629412E8553A5C9D0BD47B1546BAB17E7A33ADF37F11E4D8A24F01CACF0440A8B7AEB80ED5BFFA0E5B3E7A735DBAFCB5AB0EC2A79DEF8BC923223B8E26D424BB09CD125BBC4D35D66F1DAF58DD397ED53EA81E5803A23BF07A2E3FC85A737FD45E1DAFC39C6EA9D5B470ED3F01C92FA9D2A083DBF773786DFB999584D31B7353DF557E2C1CB9452F13510ED10273FBE6AEAD00C9BFF8E667838DE7657F2C5B2F4CED41306860DAFB084A65C37CDD9BCB1ECD3892F3AF647CAB581704539CBB842509F85CC41527F8C9F1D750FD29E6262A7EF0CA9AB3FB38F95CC01212F6CE96AF81466D739CEC04B5BD62F9A495F93D0EA45DB1A09CD3DE681ED97C186ED4BFD2AF66D4273FB190B5559ED13791C8A419C26BB9FDE0ED69F84EC274E84D5C8384EC904EE1CA5EAC7DF40CACF742A47A901F930EAB88C56619F8C954457837391E3C8EBA77E75AB94B9E187531C740D574C4461576D31A255524AF0E27409ADBDAF83087592FA4C5FC391CE7816365937C96EDAD608B10BB24D624206CC35820693BE3EAD3D94EA0192F761AD0BF5E2AC3F68B43235A23D13FBEA9179AC4584B857FE7CCAD56BDF5FFED27387925710AB70846A3288C665C04676ED687FD3AF8B3DBB12DF97D535FCCE5366874AC409D33AD7C0F03CF870FE91BB5B7D7D74E96D757CB5EF149D68487CC76073DC679B1716B72AF6B5DAE5D0568FC27124342330DE53A1D6B5D91DAE6466F7C1CCACFAB8C86C7E47BD079A144CC07A41ECBEB731BA355B0577F66E7B35681A0C71BC17D8556AEEDCC2FC797D4A2AF6A3AAC3A5A8DCB96F823FADA3AD07114B9195458CF0534CF1ED05592977C9F0A1313D30C7A73E3EDF6FAF9D7833923476B02B3B56362BCE85E44B887CEF3B010E4C001A8081818586FDCF576DA0A001100C260616053B2C3987F20B517B6C4A4E2E11AAC70E7E2AC676B1BFFE9286821206BEDFF8F622820AD75FA9C1C4E5C897BC1B7420A14CAFA844E6BA077CE11AC28BB4F6DE31143D1B85E2B6B62C42E96644EFE7C849F946337366D8B60AAF6DF209DC25453ED3D9B80AA0D49D6017CBFA17711E2B0B69B7B9E27D475A736F7321DEFE42A25B091605A296BDBA545FA5DFE0C481FA0CD6A4A8A1612F686BA56D17FCC219F2571368AFDEFB2E267F87746127A4248D765E7515B1A285BBD245F4257F9793B58644CD84A6BEE6366B98C9B7FEC036834FC685B6DEB6CD3DF34A853F94DCFF99471AD8064BC2A2AA27B64925994E38CDA540F5F1DE3D10BA509A902C0E29AE91A6EF4F729CAA59A05C0EC09EA09E3614719AC94A24490BDDB1B93EADEEB25D330E72E8A76B582A951B2FBFA3FDBEAC07A6D4597F6ED0E13DCD577148314DC579BE999B94EE704E7887EAD45C46EC646B49E0AED470B673F964C92883EA9D16320B7070F9E41EA87B6D8FE4CD8B3889A098E51DB23C0D6DB13803F2222845626D43CB7BF45C79EDABB66331C3F633BE7517831E941E24065F2C37A188F2E599289B108CA44473FBB1061EAFE63711E9A54190DD8157A7E35862510A798CF0BDE826414ECDC7E8CED3B87AFBC5F39D35BDE12DC148012B0554E3A4A9CEAA28912D12FD148E39D40986F2F6A96C2C1594CB9055DAFC8EB77B332BA26C02FB8B11E047E4220130A0AC9018BE120CD1CA4D7566118C704C6B5E7C3DCC68CC24334DD2F73D4888EED4C1B5A58159EE117EDDD6CDED6B059B318904D1E50A66782EA4762549DFA885ED4B64F50E8BE7DBCBD4D54980F654FD11BF2141CE9A1EF1DEE264B05F5EEA44571E316A2879D713219DC2C028ECFC8B28F63108FC1BE34D315E86E94DBA3A41A92905944FA2D4DB94CFCDDD0F73B49E8A47FA5DBB916A4724F4768B54576EA5E778157912F3C4F7A83F8397005B1BC7CEBE0C7CD5AE5545FFCD6FA3405FB4EB7982A4C08ABB4D0896DCB8B80B8F94DE1BD372538C27E422DBBC5B11B93746FEFBD9C31DC8C5E8F89A29AAC2F57E936244451998F4FAD3C6468DDC58CF375193F05E919A841149916A499ABF794DAB7DF89EA167D71335607445F12CC326B97D02C55EFC5AE51E48C4E93E3DF60D0D7F71469238FA369FB072137F324AAD07874F9AF45299684226DCDEC27789F7D35DDE0587FC58AD255CB8570F8EB040B9358F7B0BE7CDDB781616EFDA57E647475842D147AFEC9A3F10CBDD55410642503E4B931D8144E0E0D35DE7CDDFB0B0B8E8E96BB941285FAB784185C04FB3DF032FAA2833BDEE8149D9EB477356A13E87AE0121A09B382FAD0345DD8A73BF4C905538ABCC978FD676CBB2177333D6C404B6260F907FFA00792868101C2C340C0CFC5F907F403C8081054B4EC1CEA10C4729FAC21E5B8453C52F161E872B8BEAB192918943E5AF171A7E007F43F740F206C5BBFE1ED0125866AB2FD2068320543922D94A6B613BD6C874F9796669CF1A932F3D8CDF8308EA1FE9ED646216180BF4F015540BF688C76E2941B0C82231102AF13DD8E527E730C6193174211B3ABBA1E9DD57A4CE18D5CF2EF80F1B6393EA3FC160A1A173777A18BFD5C15957A70D5334E921946EA8E3A499A244DBC2B58FCE43200BC1B8076484FD7A4B444CA676397044445FABF0C67C4D14BE41E1DB933058C3449608988BE5DB9517ECFDB4DC0A7A9BD7493A03B74CAC33EFCF169622A742663294E76D976FDF91A0736D5CB72930CB00DD203ED6A0EEE02DCD8C0ED5F10EB512792F0CFF8C2A56978AFE397CE9D1489667F7C0CC3193A1DAE7EFD91912D7AF4027C8AFDF00D42B73BA1F5C05CE68B4D84FDB2B4C51045D8B329EB1CC7FBD21E47D22A174A6BFFB8575053EDFB032F3512ABA49403DEC502505CDD2D6BE8BEF55CE254F824D8F034D05B3DDE6E192B08988481164EB23423D155A9062AD72EEBEA21C1163DC361CBAEAC9397D17819633DC6554676C36BA121A422B0AC274ADFAF12D0F422BDEB2502786BCDFC0AB813212F8A2431B862732184ECA3154A1AD4F369E9D750C1F4C80BBB8DC7B05AB32937626E9E902EC789B60344C4691572539F979771514D6A53AC9F46844B73B90B617D0691694F456B65CCE2A8641169A347C5AA433C18AC558C2F6896349CF08BDB5D6BBDB5249F341406C27B1A4D2F3007B7C147C3D924DA3CCB81087CD2D7BF964C58F9E9CBADDDF32E46A231BB726B61BE46C885E72058B05F7642D1678A651652E462EE0DC983E671B4FE3F92A80466D4FC89F211A62BC3FE81197A05CA5DBD06B2B729DD85330EF329EB3FC469ACE237591E22066A507579D6F8712547C76CB55240C7EF994D2060D6D43565BEC6229574883401C7B84529270E12D188E3B23283DC954F4B18F85C9A378AF2D95D7B4E22EB493E02D7E03F1835619EB4E4FD3E5773CB4EFF2B2BAD6231462672F9DD172B5F4308D39EA7628DECFD628B57B6506D84EF7ABBA13DFAC3FB5504C08B676E6E0FF4A24D3E0C698D955BD88E5264B70DB8D0E2870E7DC034336847DE597B9565E4629D0761EA9C1071CD589879C8E2F4D0E7AC5CD548F92021F69CCE50B268C9C77D86B5C76EEBDB7D0FC101B06793B7F4CC91D2BE4903A4BBB9ED5C870C8B19C33553373A7A5B5FC0D9E48DA49F373B945AAAF975AC6D783F9F5A74901A004E963F4B4B554B86FAC0248496545B663BA17BC365D6335E7E07B2019C218BD429CB00AC7D848BF3E9EC184EEE5862A30277A0343E096F5D8A67F65BEF0B69B517EFD92A8E3F16AC4570E35AF5EDEC7A59B2F0EA2A1690AF7329A0A06BA91F36DE43CDF13CBBCA622F391D333518C54CB10DEE903CFAAF7F87D9EE37439E2B8073E25411E494C46B5A000F7806340675CCC5240A46CD8D0BACDC91B12D6FC255254797E02F4CD588881B0FE139CF2454A5EB5A5895B7B8AA6BA11A676E339B890798EDB61C34E65F37347CFFA0DD58FF1544BF061745E66CB578173D0218DC1AAD7C4ADA113C8D633DEB60731EB4C5A26F75FFE03514F9E14,
        0, 'image/jpeg', null);
INSERT INTO virtuallabs.image (id, create_date, modify_date, name, pic_bytes, revision_cycle, type, submission_id)
VALUES (5, '2020-09-08 21:35:36', '2020-09-08 21:35:36', 'profilePhoto3.jpg',
        0x789CAD557B3494EB1AFFE6C2B895999062A4B0ED4C2EB90CA519B355E31285C6208C629218A5ED5EB9B477DBFD5644ED88A230E392CB8C926BA234933D356686508A86426E85107346DAD967ADF3CF39EBFCBEF5AEF5AEEF797EBFE7B79EE7FBDE57D82D7C03C00F58585B0020100080440F207C0BF8E3C37D4F0080B5350A9000000002E883C0004CB43310AD0D6008000656937DE3A02B14C0145885BD2FD933C87385015C820150D19B9D06063BC13757B39257B4BEEFEBBF3384BDC03E401C0A858A41C5C5C4C425C5454B5A425C5C425A464A4A5A4A4A062EF30D7099F5B270D9F5327272F2F2727248656565A4EA0FAC88806030D83A99759BE0F04D4A0A080525D5FF16C266002121F2950C012100300204418084AD0052E4160C01AD74E76FC024A062E220304414DD0707401030584C5C5A1C22B91A15054461046CC33673070945357DCF6A39B4F1DEC3BF0687FC96D129AF60E015784BFD72BA1181FCFBC5FCCAAA872291CDA055AC5500A01030484C14524388AA8BF00F03227D7D841CD46045FF574F610F200311E5202008000730B602FF0168973805979D3328C757A39B0F3CF14F49BADE3EF3A6BD37FBC6E43E1ADFE7D0A9932905CAECEDC6057DAC9F6E1DF7D3B338D7F5C5C8712C15EB136DB2AD21227AAC324708B407713E74A96047860C6235C7BDF6CE794F1D59BF801A7EF08CA9821B08CFE196D770881679095EC19770BACFF84EB97669AAE9B38636F58F4CBD5B4CA89B0FDACFF594E45556F0DEF177B36A33D44A1407D3AFF5AEBB5516D85AF748F3C20FAB671ED87248660A85A75494DD0891D4D374781D45CDC739F6AACECBE58DF3AF0BDC5D1A8F0E62FE34C38D34F49D3691BE119C39878AE3F1595F863383DC1B3616115CB3AFBF8AB98C50B5CFF2B951C9F60080A90ECA65D77778FC28BEE742D88229871185CCDA11D263C9EB46167383AA23E8D40FFAA1250507C75E0D4DEA3F4DD49953A6D8E604D8484327B9FB9093D8AA473B1CA6ACDA2CD11D8127BAD0843205099E59F377B3BC81F34B9AAA157CD2C803078E45B95567D90429D92BB496191FE2FA098361DC4F253A0902CB1FB8FB9D0E93C4E89C22F3ADFBEBD023947074C20BBF337AF103BBFE206096BEB9144DFCE1CD64B29AB5A67C69943F85E4E047ECE3BA0B7EDB23870D9DF569CEC6E2DCDE360D9CD0B4FF5E3AAED6FC35B25BC7D8628FC69F13A5C501F2499A96CBC3B4AF5211E17D156C5CFCC93BBBBEE5755491BCE91EC5BA95BA76F9C5A9DE1FBD740FFFDC96F80E430F42621306CEBAC562EF923DDA3A52F73BD102F03D717FB97F5ED5178BEE7C7637145DE4B5BCE9BD3A4F081855A1B28ECDD864BF44661B7C4B50952B3C6395E3DA34B9D52D02AD7EFB51165585C12E280ABACAF0F2CB33EBCDE4751E0FFCAEF5FBBCB9BD19C6DCF72E6B3B4DEB28B8EE53CB524453E1DEA62D51857227D2E8AEA75BBFA585BFCF33B6D7374CF7B6BA96D0C0D12D890E01F7F7520FA7F71FB4CA3E9CABB93F69412945083C1AB65D2A8F351F7CFE8D0349E0CC2AA62F5D1C0A31448F7E2C5FF43674300CBA1C4FD5F05D2820B2EEA9BB1B0F3C9BEEBAE634545BEEB7BB249B68881F3BCC4DFB6585AA52185FC19A0867E686559B2A5B10437459F9559ABED02846980DB7539B3FD0346A4B1C72B24A70F9DE71B1480E3FF54E45974D440DBE8C4C3BD7782BD96E2C031B3A94C093E305E13F39FB38E1AF0506CDECB1C9CA895C56AF3EB15285C9E81937A1246F641D977620D9D75A6E08510B38DFD5418E18DE62DB6A6930AB9E99DD7CDF344DCA857C6F2F5567DFD5163ECF3B9D6598717BFC71118110087FD7C43CEB7C20C2F379CE9EBFFF90F9ACED852953075AD3B5106E1AA7F73BD596DB662A287AE5DF84CF1A3C3FB07BA2B425DD58C7BF6FD47184BA25FACDD37B84CF753E7EF29DB899980A218020F5CBF69772B4C3DC42F04AF982BB1A7E95E56E1C8B517DC240C0C6844EC9D2C73D6CBAF9D2603475FDFDF0C518A7B002AD9E0FEF48F1EDD7AB7647C9E0EDF7F81BE623BDCF5D4E2B2E5ACC8F71BEE3E094D7E6F8F592DA284AF0C1EF4F373479995EAE75E5EDC50A9D38298752E3F7BC1983FC48DA03F71B46B4DC8C7B6813B4F1369D09E39EEB1CD4FB432A6B0714E409BADC8FD19EC8EB2EAE73F8E56186AC8B46283DABC7B98E138CA02D7FC4CEDBCD0C3FDE2CCF35722CA6DAD8C94B34F8CA29B117F22533E2C6C33FFFAD6197A8EF9D21D39BD5F8117731C5D969D3F5EB1CE6D76A6E4A6EE0F2D3FA117AB61D7C881FDFB3B5CE7711C1364CE70514E617B16F32943A99D4790631D92ED65B7FF0C9A864072E25DACC652E45B13D8C8B7D5FF2D728729EFCDAE8E8B67EFB60C7F14A761676103FAD3203C31FFA7F06CCF23B0BF7905FB0BD65CA0ED568EBF9E9B5693C13E554373C34F5A5F7A3BCEE916ED91099448B66416803867D147DD7114FB91A44EAAAB50D88258F2B11B40F71CC938E01000E452BD6D23A412B3E67099509AE6A6F3848963BC26CBC6D0E4735EE6C23DE2F5C42F3EFB8773B1BDB135063B1796649819F6F7CC9AD8FB48A94220C22D5188D04966DF0BB1FD75C2AC59D47C930F2A0831F9EF451664756B328F79955AF744E7227CB3DAE70C75F225307860434C18CEE34863B709698F8F589A47C5B31B01E7670CE7A7B0572D2A2D66CD0C831E98903F36EC67C65626CB77AB641078648626D583BF121652FB0BCD9B1688A23D16A94F83990619AF9935F49D00C36C59085E4BB9273B5AB3550CD001E734B21EA2D5D5350E6DEC99366622259320B7F6C71CC59FB88942394687D644FC76EEA99A2A7D1DCFDBB9B4A1F14BEA5B073E90094C0546C758A3E1516389DA61AF8C8ECD2D9C367D688A72AA2B336EA8513E6E283A28F841C6CE956C59E04248AAEE8C5972EF78C0B045BCC04B1915BA76FBF59A3F41E1302DADA1E934513F0A1E5AA91EC980AB373CF0184DDF6A388234B8C57AC557FE602EBE61F1450CDC365179786B776AFB7752C79F34CA48F45CCDC04D472ED1BD5AA17297557AF842F666DFE7C9199F18FD69CBAF8B5A2F27C4B5EFDBEEC0516EDF4C6E6F9D15F563A1181F799ED0AD3DB3E35A76DF80196F9F39A31F15ED8BCA7D75C0C2E3CCE64E6AA639FCE6F9FF81780C4B37BBF24B23F968F7B380C8EBBF870645187D628EB6A64A75BDA26A4A2A6D6078CEA52EFBB4186CB0090FC74CC94425E2FA9AFBEE089E846B9FDEFADF65715C424BD965F1A40F6F34984333530B62B00D612480FECC0D5D4D59EB54CABF5CCB3C25077AD518CBB712C69C57AADC5D6D5B9F8CBFE4F7381095FFE0B58D96185,
        0, 'image/jpeg', null);
INSERT INTO virtuallabs.professor (id, email, first_name, last_name, profile_photo_id)
VALUES (999999, 'd000000@polito.it', 'Professor', 'X', 3);
INSERT INTO virtuallabs.role (name, description)
VALUES ('ROLE_PROFESSOR', '');
INSERT INTO virtuallabs.role (name, description)
VALUES ('ROLE_STUDENT', '');
INSERT INTO virtuallabs.student (id, email, first_name, last_name, profile_photo_id)
VALUES (1, 's1@studenti.polito.it', 'Paolo', 'Verdi', null);
INSERT INTO virtuallabs.student (id, email, first_name, last_name, profile_photo_id)
VALUES (2, 's2@studenti.polito.it', 'Giuseppe', 'Rossi', null);
INSERT INTO virtuallabs.student (id, email, first_name, last_name, profile_photo_id)
VALUES (3, 's3@studenti.polito.it', 'Antonio', 'Bianchi', null);
INSERT INTO virtuallabs.student (id, email, first_name, last_name, profile_photo_id)
VALUES (4, 's4@studenti.polito.it', 'Angelo', 'Verdi', null);
INSERT INTO virtuallabs.student (id, email, first_name, last_name, profile_photo_id)
VALUES (5, 's5@studenti.polito.it', 'Domenico', 'Gialli', null);
INSERT INTO virtuallabs.student (id, email, first_name, last_name, profile_photo_id)
VALUES (6, 's6@studenti.polito.it', 'Bruno', 'Ferri', null);
INSERT INTO virtuallabs.student (id, email, first_name, last_name, profile_photo_id)
VALUES (7, 's7@studenti.polito.it', 'Paola', 'Paleta', null);
INSERT INTO virtuallabs.student (id, email, first_name, last_name, profile_photo_id)
VALUES (8, 's8@studenti.polito.it', 'Sergio', 'Limari', null);
INSERT INTO virtuallabs.student (id, email, first_name, last_name, profile_photo_id)
VALUES (9, 's9@studenti.polito.it', 'Luciano', 'Benterri', null);
INSERT INTO virtuallabs.student (id, email, first_name, last_name, profile_photo_id)
VALUES (10, 's10@studenti.polito.it', 'Francesco', 'Cavinni', null);
INSERT INTO virtuallabs.student (id, email, first_name, last_name, profile_photo_id)
VALUES (11, 's11@studenti.polito.it', 'Maria', 'Pasolani', null);
INSERT INTO virtuallabs.student (id, email, first_name, last_name, profile_photo_id)
VALUES (12, 's12@studenti.polito.it', 'Valentina', 'Gennari', null);
INSERT INTO virtuallabs.student (id, email, first_name, last_name, profile_photo_id)
VALUES (13, 's13@studenti.polito.it', 'Francesca', 'Tulini', null);
INSERT INTO virtuallabs.student (id, email, first_name, last_name, profile_photo_id)
VALUES (14, 's14@studenti.polito.it', 'Elena', 'Casellari', null);
INSERT INTO virtuallabs.student (id, email, first_name, last_name, profile_photo_id)
VALUES (15, 's15@studenti.polito.it', 'Anna', 'Rodieni', null);
INSERT INTO virtuallabs.student (id, email, first_name, last_name, profile_photo_id)
VALUES (100, 's100@studenti.polito.it', 'Atta', ' Shah', null);
INSERT INTO virtuallabs.student (id, email, first_name, last_name, profile_photo_id)
VALUES (101, 's101@studenti.polito.it', 'Alex', ' Jones', null);
INSERT INTO virtuallabs.student (id, email, first_name, last_name, profile_photo_id)
VALUES (102, 's102@studenti.polito.it', 'Jovan', ' Lee', null);
INSERT INTO virtuallabs.student (id, email, first_name, last_name, profile_photo_id)
VALUES (103, 's103@studenti.polito.it', 'Greg', ' Hover', null);
INSERT INTO virtuallabs.student (id, email, first_name, last_name, profile_photo_id)
VALUES (104, 's104@studenti.polito.it', 'Greg', ' Hover', null);
INSERT INTO virtuallabs.student (id, email, first_name, last_name, profile_photo_id)
VALUES (110, 's105@studenti.polito.it', 'Ten', ' Hover', null);
INSERT INTO virtuallabs.student (id, email, first_name, last_name, profile_photo_id)
VALUES (111111, 's000000@studenti.polito.it', 'Student', 'One', 2);
INSERT INTO virtuallabs.student (id, email, first_name, last_name, profile_photo_id)
VALUES (222222, 's000000@studenti.polito.it', 'Student Two', 'Edge', 4);
INSERT INTO virtuallabs.student (id, email, first_name, last_name, profile_photo_id)
VALUES (333333, 's000000@studenti.polito.it', 'Student Three', 'Opera', 5);
INSERT INTO virtuallabs.team (id, active, created_date, disabled, max_disk, max_ram, max_running_vm, max_tot_vm, max_vcpu, name, course_id)
VALUES (6, false, '2020-09-08 21:43:47', false, 0, 0, 0, 0, 0, 'Team Full Group', 'c1');
INSERT INTO virtuallabs.team (id, active, created_date, disabled, max_disk, max_ram, max_running_vm, max_tot_vm, max_vcpu, name, course_id)
VALUES (7, false, '2020-09-08 21:46:18', false, 0, 0, 0, 0, 0, 'Team One Two', 'c1');
INSERT INTO virtuallabs.team (id, active, created_date, disabled, max_disk, max_ram, max_running_vm, max_tot_vm, max_vcpu, name, course_id)
VALUES (8, false, '2020-09-08 21:46:28', false, 0, 0, 0, 0, 0, 'Team One Three', 'c1');
INSERT INTO virtuallabs.team (id, active, created_date, disabled, max_disk, max_ram, max_running_vm, max_tot_vm, max_vcpu, name, course_id)
VALUES (9, false, '2020-09-08 21:47:02', false, 0, 0, 0, 0, 0, 'Team Random', 'c1');
INSERT INTO virtuallabs.team (id, active, created_date, disabled, max_disk, max_ram, max_running_vm, max_tot_vm, max_vcpu, name, course_id)
VALUES (10, false, '2020-09-08 21:47:55', false, 0, 0, 0, 0, 0, 'Team Full Mobile', 'c2');
INSERT INTO virtuallabs.team (id, active, created_date, disabled, max_disk, max_ram, max_running_vm, max_tot_vm, max_vcpu, name, course_id)
VALUES (11, false, '2020-09-08 21:48:16', false, 0, 0, 0, 0, 0, 'Team Full System', 'c3');
INSERT INTO virtuallabs.team (id, active, created_date, disabled, max_disk, max_ram, max_running_vm, max_tot_vm, max_vcpu, name, course_id)
VALUES (12, false, '2020-09-08 21:48:53', false, 0, 0, 0, 0, 0, 'Team Excluded team', 'c5');
INSERT INTO virtuallabs.team (id, active, created_date, disabled, max_disk, max_ram, max_running_vm, max_tot_vm, max_vcpu, name, course_id)
VALUES (13, false, '2020-09-08 21:50:24', false, 0, 0, 0, 0, 0, 'Team Full 2', 'c1');
INSERT INTO virtuallabs.team (id, active, created_date, disabled, max_disk, max_ram, max_running_vm, max_tot_vm, max_vcpu, name, course_id)
VALUES (14, false, '2020-09-08 21:50:38', false, 0, 0, 0, 0, 0, 'Team Full 3', 'c3');
INSERT INTO virtuallabs.team (id, active, created_date, disabled, max_disk, max_ram, max_running_vm, max_tot_vm, max_vcpu, name, course_id)
VALUES (15, false, '2020-09-08 21:57:29', false, 0, 0, 0, 0, 0, 'Team Full 3', 'c1');
INSERT INTO virtuallabs.team (id, active, created_date, disabled, max_disk, max_ram, max_running_vm, max_tot_vm, max_vcpu, name, course_id)
VALUES (16, false, '2020-09-08 21:58:00', false, 0, 0, 0, 0, 0, 'Team Random 1', 'c1');
INSERT INTO virtuallabs.team (id, active, created_date, disabled, max_disk, max_ram, max_running_vm, max_tot_vm, max_vcpu, name, course_id)
VALUES (17, false, '2020-09-08 21:58:15', false, 0, 0, 0, 0, 0, 'Team Random 2', 'c1');
INSERT INTO virtuallabs.team (id, active, created_date, disabled, max_disk, max_ram, max_running_vm, max_tot_vm, max_vcpu, name, course_id)
VALUES (19, false, '2020-09-08 21:59:55', false, 0, 0, 0, 0, 0, 'Team Full Random 3', 'c1');
INSERT INTO virtuallabs.teams_students (team_id, student_id)
VALUES (6, 111111);
INSERT INTO virtuallabs.teams_students (team_id, student_id)
VALUES (6, 222222);
INSERT INTO virtuallabs.teams_students (team_id, student_id)
VALUES (6, 333333);
INSERT INTO virtuallabs.teams_students (team_id, student_id)
VALUES (7, 111111);
INSERT INTO virtuallabs.teams_students (team_id, student_id)
VALUES (7, 222222);
INSERT INTO virtuallabs.teams_students (team_id, student_id)
VALUES (8, 111111);
INSERT INTO virtuallabs.teams_students (team_id, student_id)
VALUES (8, 333333);
INSERT INTO virtuallabs.teams_students (team_id, student_id)
VALUES (9, 111111);
INSERT INTO virtuallabs.teams_students (team_id, student_id)
VALUES (9, 103);
INSERT INTO virtuallabs.teams_students (team_id, student_id)
VALUES (9, 100);
INSERT INTO virtuallabs.teams_students (team_id, student_id)
VALUES (9, 4);
INSERT INTO virtuallabs.teams_students (team_id, student_id)
VALUES (9, 6);
INSERT INTO virtuallabs.teams_students (team_id, student_id)
VALUES (9, 1);
INSERT INTO virtuallabs.teams_students (team_id, student_id)
VALUES (9, 110);
INSERT INTO virtuallabs.teams_students (team_id, student_id)
VALUES (9, 2);
INSERT INTO virtuallabs.teams_students (team_id, student_id)
VALUES (9, 15);
INSERT INTO virtuallabs.teams_students (team_id, student_id)
VALUES (9, 102);
INSERT INTO virtuallabs.teams_students (team_id, student_id)
VALUES (9, 104);
INSERT INTO virtuallabs.teams_students (team_id, student_id)
VALUES (9, 101);
INSERT INTO virtuallabs.teams_students (team_id, student_id)
VALUES (9, 13);
INSERT INTO virtuallabs.teams_students (team_id, student_id)
VALUES (9, 3);
INSERT INTO virtuallabs.teams_students (team_id, student_id)
VALUES (10, 111111);
INSERT INTO virtuallabs.teams_students (team_id, student_id)
VALUES (10, 333333);
INSERT INTO virtuallabs.teams_students (team_id, student_id)
VALUES (10, 222222);
INSERT INTO virtuallabs.teams_students (team_id, student_id)
VALUES (11, 111111);
INSERT INTO virtuallabs.teams_students (team_id, student_id)
VALUES (11, 333333);
INSERT INTO virtuallabs.teams_students (team_id, student_id)
VALUES (11, 222222);
INSERT INTO virtuallabs.teams_students (team_id, student_id)
VALUES (12, 222222);
INSERT INTO virtuallabs.teams_students (team_id, student_id)
VALUES (12, 2);
INSERT INTO virtuallabs.teams_students (team_id, student_id)
VALUES (12, 102);
INSERT INTO virtuallabs.teams_students (team_id, student_id)
VALUES (12, 104);
INSERT INTO virtuallabs.teams_students (team_id, student_id)
VALUES (12, 110);
INSERT INTO virtuallabs.teams_students (team_id, student_id)
VALUES (13, 222222);
INSERT INTO virtuallabs.teams_students (team_id, student_id)
VALUES (13, 111111);
INSERT INTO virtuallabs.teams_students (team_id, student_id)
VALUES (13, 333333);
INSERT INTO virtuallabs.teams_students (team_id, student_id)
VALUES (14, 333333);
INSERT INTO virtuallabs.teams_students (team_id, student_id)
VALUES (14, 222222);
INSERT INTO virtuallabs.teams_students (team_id, student_id)
VALUES (14, 111111);
INSERT INTO virtuallabs.teams_students (team_id, student_id)
VALUES (15, 333333);
INSERT INTO virtuallabs.teams_students (team_id, student_id)
VALUES (15, 222222);
INSERT INTO virtuallabs.teams_students (team_id, student_id)
VALUES (15, 111111);
INSERT INTO virtuallabs.teams_students (team_id, student_id)
VALUES (16, 111111);
INSERT INTO virtuallabs.teams_students (team_id, student_id)
VALUES (16, 333333);
INSERT INTO virtuallabs.teams_students (team_id, student_id)
VALUES (16, 222222);
INSERT INTO virtuallabs.teams_students (team_id, student_id)
VALUES (16, 101);
INSERT INTO virtuallabs.teams_students (team_id, student_id)
VALUES (16, 4);
INSERT INTO virtuallabs.teams_students (team_id, student_id)
VALUES (16, 3);
INSERT INTO virtuallabs.teams_students (team_id, student_id)
VALUES (16, 1);
INSERT INTO virtuallabs.teams_students (team_id, student_id)
VALUES (16, 13);
INSERT INTO virtuallabs.teams_students (team_id, student_id)
VALUES (17, 222222);
INSERT INTO virtuallabs.teams_students (team_id, student_id)
VALUES (17, 333333);
INSERT INTO virtuallabs.teams_students (team_id, student_id)
VALUES (17, 111111);
INSERT INTO virtuallabs.teams_students (team_id, student_id)
VALUES (17, 100);
INSERT INTO virtuallabs.teams_students (team_id, student_id)
VALUES (17, 3);
INSERT INTO virtuallabs.teams_students (team_id, student_id)
VALUES (17, 1);
INSERT INTO virtuallabs.teams_students (team_id, student_id)
VALUES (17, 102);
INSERT INTO virtuallabs.teams_students (team_id, student_id)
VALUES (19, 333333);
INSERT INTO virtuallabs.teams_students (team_id, student_id)
VALUES (19, 222222);
INSERT INTO virtuallabs.teams_students (team_id, student_id)
VALUES (19, 111111);
INSERT INTO virtuallabs.teams_students (team_id, student_id)
VALUES (19, 1);
INSERT INTO virtuallabs.teams_students (team_id, student_id)
VALUES (19, 3);
INSERT INTO virtuallabs.teams_students (team_id, student_id)
VALUES (19, 102);
INSERT INTO virtuallabs.teams_students (team_id, student_id)
VALUES (19, 13);
INSERT INTO virtuallabs.teams_students (team_id, student_id)
VALUES (19, 100);
INSERT INTO virtuallabs.token (id, confirmed, expiry_date, rejected, url_confirm, url_reject, student_id, team_id, user_username)
VALUES ('03898de3-8ba8-4fde-8ca8-1f55e4355045', false, '2161-03-04 13:47:02', false,
        'http://localhost:8080/notification/team/confirm/03898de3-8ba8-4fde-8ca8-1f55e4355045',
        'http://localhost:8080/notification/team/reject/03898de3-8ba8-4fde-8ca8-1f55e4355045', 110, 9, null);
INSERT INTO virtuallabs.token (id, confirmed, expiry_date, rejected, url_confirm, url_reject, student_id, team_id, user_username)
VALUES ('0884bb85-e95f-4076-be6d-6a5704fc0387', false, '2161-03-04 13:47:02', false,
        'http://localhost:8080/notification/team/confirm/0884bb85-e95f-4076-be6d-6a5704fc0387',
        'http://localhost:8080/notification/team/reject/0884bb85-e95f-4076-be6d-6a5704fc0387', 104, 9, null);
INSERT INTO virtuallabs.token (id, confirmed, expiry_date, rejected, url_confirm, url_reject, student_id, team_id, user_username)
VALUES ('0aa49ca4-dbe1-47ef-be82-4ab5195a3131', false, '2284-06-27 10:50:24', false,
        'http://localhost:8080/notification/team/confirm/0aa49ca4-dbe1-47ef-be82-4ab5195a3131',
        'http://localhost:8080/notification/team/reject/0aa49ca4-dbe1-47ef-be82-4ab5195a3131', 333333, 13, null);
INSERT INTO virtuallabs.token (id, confirmed, expiry_date, rejected, url_confirm, url_reject, student_id, team_id, user_username)
VALUES ('130e2f72-f94c-4e7b-8f95-02c97392abbc', true, '2161-03-04 13:47:02', false,
        'http://localhost:8080/notification/team/confirm/130e2f72-f94c-4e7b-8f95-02c97392abbc',
        'http://localhost:8080/notification/team/reject/130e2f72-f94c-4e7b-8f95-02c97392abbc', 111111, 9, null);
INSERT INTO virtuallabs.token (id, confirmed, expiry_date, rejected, url_confirm, url_reject, student_id, team_id, user_username)
VALUES ('18af99cd-4696-4dd7-8ec6-0a2440efe022', false, '2045-02-24 04:59:55', false,
        'http://localhost:8080/notification/team/confirm/18af99cd-4696-4dd7-8ec6-0a2440efe022',
        'http://localhost:8080/notification/team/reject/18af99cd-4696-4dd7-8ec6-0a2440efe022', 100, 19, null);
INSERT INTO virtuallabs.token (id, confirmed, expiry_date, rejected, url_confirm, url_reject, student_id, team_id, user_username)
VALUES ('19e538dc-151b-4598-950e-84425f21ca47', false, '3427-10-23 17:58:15', false,
        'http://localhost:8080/notification/team/confirm/19e538dc-151b-4598-950e-84425f21ca47',
        'http://localhost:8080/notification/team/reject/19e538dc-151b-4598-950e-84425f21ca47', 102, 17, null);
INSERT INTO virtuallabs.token (id, confirmed, expiry_date, rejected, url_confirm, url_reject, student_id, team_id, user_username)
VALUES ('19f19ee0-469f-4cf2-9d53-141eef673b7a', false, '2034-10-09 21:48:16', false,
        'http://localhost:8080/notification/team/confirm/19f19ee0-469f-4cf2-9d53-141eef673b7a',
        'http://localhost:8080/notification/team/reject/19f19ee0-469f-4cf2-9d53-141eef673b7a', 222222, 11, null);
INSERT INTO virtuallabs.token (id, confirmed, expiry_date, rejected, url_confirm, url_reject, student_id, team_id, user_username)
VALUES ('1b56fb10-62c8-47c1-a55c-260621f5f556', false, '3288-05-13 03:46:18', false,
        'http://localhost:8080/notification/team/confirm/1b56fb10-62c8-47c1-a55c-260621f5f556',
        'http://localhost:8080/notification/team/reject/1b56fb10-62c8-47c1-a55c-260621f5f556', 222222, 7, null);
INSERT INTO virtuallabs.token (id, confirmed, expiry_date, rejected, url_confirm, url_reject, student_id, team_id, user_username)
VALUES ('1bc97530-a439-4ef0-bc20-069b26f6fb1a', false, '2161-03-04 13:47:02', false,
        'http://localhost:8080/notification/team/confirm/1bc97530-a439-4ef0-bc20-069b26f6fb1a',
        'http://localhost:8080/notification/team/reject/1bc97530-a439-4ef0-bc20-069b26f6fb1a', 6, 9, null);
INSERT INTO virtuallabs.token (id, confirmed, expiry_date, rejected, url_confirm, url_reject, student_id, team_id, user_username)
VALUES ('1f40f40a-945d-445f-bb70-069d51b2a001', false, '2023-02-13 23:50:38', false,
        'http://localhost:8080/notification/team/confirm/1f40f40a-945d-445f-bb70-069d51b2a001',
        'http://localhost:8080/notification/team/reject/1f40f40a-945d-445f-bb70-069d51b2a001', 111111, 14, null);
INSERT INTO virtuallabs.token (id, confirmed, expiry_date, rejected, url_confirm, url_reject, student_id, team_id, user_username)
VALUES ('2a90d96d-9c43-4094-ad99-38300f6fd831', false, '2034-10-09 21:48:53', false,
        'http://localhost:8080/notification/team/confirm/2a90d96d-9c43-4094-ad99-38300f6fd831',
        'http://localhost:8080/notification/team/reject/2a90d96d-9c43-4094-ad99-38300f6fd831', 104, 12, null);
INSERT INTO virtuallabs.token (id, confirmed, expiry_date, rejected, url_confirm, url_reject, student_id, team_id, user_username)
VALUES ('2eb1edc5-f375-4ffa-8df6-a40a260da7aa', false, '2161-03-04 13:47:02', false,
        'http://localhost:8080/notification/team/confirm/2eb1edc5-f375-4ffa-8df6-a40a260da7aa',
        'http://localhost:8080/notification/team/reject/2eb1edc5-f375-4ffa-8df6-a40a260da7aa', 3, 9, null);
INSERT INTO virtuallabs.token (id, confirmed, expiry_date, rejected, url_confirm, url_reject, student_id, team_id, user_username)
VALUES ('2fa5c8c3-65a1-4f07-bbd7-801c83ba43ae', true, '2023-02-13 23:50:38', false,
        'http://localhost:8080/notification/team/confirm/2fa5c8c3-65a1-4f07-bbd7-801c83ba43ae',
        'http://localhost:8080/notification/team/reject/2fa5c8c3-65a1-4f07-bbd7-801c83ba43ae', 333333, 14, null);
INSERT INTO virtuallabs.token (id, confirmed, expiry_date, rejected, url_confirm, url_reject, student_id, team_id, user_username)
VALUES ('30fe624c-95c2-40bc-85e4-2a27e98e72ba', false, '2034-10-09 21:48:53', false,
        'http://localhost:8080/notification/team/confirm/30fe624c-95c2-40bc-85e4-2a27e98e72ba',
        'http://localhost:8080/notification/team/reject/30fe624c-95c2-40bc-85e4-2a27e98e72ba', 110, 12, null);
INSERT INTO virtuallabs.token (id, confirmed, expiry_date, rejected, url_confirm, url_reject, student_id, team_id, user_username)
VALUES ('310b97bf-bd83-4b96-8e4e-712ee97a72a8', false, '2400-12-14 18:57:29', false,
        'http://localhost:8080/notification/team/confirm/310b97bf-bd83-4b96-8e4e-712ee97a72a8',
        'http://localhost:8080/notification/team/reject/310b97bf-bd83-4b96-8e4e-712ee97a72a8', 222222, 15, null);
INSERT INTO virtuallabs.token (id, confirmed, expiry_date, rejected, url_confirm, url_reject, student_id, team_id, user_username)
VALUES ('37345de8-6241-429c-a753-b3d360e107e4', false, '2161-03-04 13:47:02', false,
        'http://localhost:8080/notification/team/confirm/37345de8-6241-429c-a753-b3d360e107e4',
        'http://localhost:8080/notification/team/reject/37345de8-6241-429c-a753-b3d360e107e4', 1, 9, null);
INSERT INTO virtuallabs.token (id, confirmed, expiry_date, rejected, url_confirm, url_reject, student_id, team_id, user_username)
VALUES ('3ae03125-dc4c-438f-b3b2-ad41dbbd99bc', true, '3288-05-13 03:46:18', false,
        'http://localhost:8080/notification/team/confirm/3ae03125-dc4c-438f-b3b2-ad41dbbd99bc',
        'http://localhost:8080/notification/team/reject/3ae03125-dc4c-438f-b3b2-ad41dbbd99bc', 111111, 7, null);
INSERT INTO virtuallabs.token (id, confirmed, expiry_date, rejected, url_confirm, url_reject, student_id, team_id, user_username)
VALUES ('3c9fb8b5-8565-4285-93bb-3bfd32d3a54a', false, '2161-03-04 13:47:02', false,
        'http://localhost:8080/notification/team/confirm/3c9fb8b5-8565-4285-93bb-3bfd32d3a54a',
        'http://localhost:8080/notification/team/reject/3c9fb8b5-8565-4285-93bb-3bfd32d3a54a', 4, 9, null);
INSERT INTO virtuallabs.token (id, confirmed, expiry_date, rejected, url_confirm, url_reject, student_id, team_id, user_username)
VALUES ('3d9c1e30-c432-40aa-a578-2ae286ab229d', false, '2045-02-24 04:59:55', false,
        'http://localhost:8080/notification/team/confirm/3d9c1e30-c432-40aa-a578-2ae286ab229d',
        'http://localhost:8080/notification/team/reject/3d9c1e30-c432-40aa-a578-2ae286ab229d', 102, 19, null);
INSERT INTO virtuallabs.token (id, confirmed, expiry_date, rejected, url_confirm, url_reject, student_id, team_id, user_username)
VALUES ('43ea972c-6fd8-464a-8648-b53c28893ab5', true, '2285-06-26 05:58:00', false,
        'http://localhost:8080/notification/team/confirm/43ea972c-6fd8-464a-8648-b53c28893ab5',
        'http://localhost:8080/notification/team/reject/43ea972c-6fd8-464a-8648-b53c28893ab5', 111111, 16, null);
INSERT INTO virtuallabs.token (id, confirmed, expiry_date, rejected, url_confirm, url_reject, student_id, team_id, user_username)
VALUES ('4549fff9-9a3b-4356-8823-fcedd4580840', true, '2045-02-24 04:59:55', false,
        'http://localhost:8080/notification/team/confirm/4549fff9-9a3b-4356-8823-fcedd4580840',
        'http://localhost:8080/notification/team/reject/4549fff9-9a3b-4356-8823-fcedd4580840', 333333, 19, null);
INSERT INTO virtuallabs.token (id, confirmed, expiry_date, rejected, url_confirm, url_reject, student_id, team_id, user_username)
VALUES ('52182c89-bb57-42f7-ba5b-42f7c950fe7c', true, '2033-05-13 12:43:47', false,
        'http://localhost:8080/notification/team/confirm/52182c89-bb57-42f7-ba5b-42f7c950fe7c',
        'http://localhost:8080/notification/team/reject/52182c89-bb57-42f7-ba5b-42f7c950fe7c', 111111, 6, null);
INSERT INTO virtuallabs.token (id, confirmed, expiry_date, rejected, url_confirm, url_reject, student_id, team_id, user_username)
VALUES ('579378fe-757a-4316-92c6-6d2de55c605a', false, '2161-03-04 13:47:02', false,
        'http://localhost:8080/notification/team/confirm/579378fe-757a-4316-92c6-6d2de55c605a',
        'http://localhost:8080/notification/team/reject/579378fe-757a-4316-92c6-6d2de55c605a', 101, 9, null);
INSERT INTO virtuallabs.token (id, confirmed, expiry_date, rejected, url_confirm, url_reject, student_id, team_id, user_username)
VALUES ('579bf838-ff8f-4474-b8f9-8896ca778bd4', false, '2023-02-13 23:50:38', false,
        'http://localhost:8080/notification/team/confirm/579bf838-ff8f-4474-b8f9-8896ca778bd4',
        'http://localhost:8080/notification/team/reject/579bf838-ff8f-4474-b8f9-8896ca778bd4', 222222, 14, null);
INSERT INTO virtuallabs.token (id, confirmed, expiry_date, rejected, url_confirm, url_reject, student_id, team_id, user_username)
VALUES ('57fbed4a-af19-4799-a82f-c1cd74b9c639', false, '2285-06-26 05:58:00', false,
        'http://localhost:8080/notification/team/confirm/57fbed4a-af19-4799-a82f-c1cd74b9c639',
        'http://localhost:8080/notification/team/reject/57fbed4a-af19-4799-a82f-c1cd74b9c639', 222222, 16, null);
INSERT INTO virtuallabs.token (id, confirmed, expiry_date, rejected, url_confirm, url_reject, student_id, team_id, user_username)
VALUES ('59daa96b-fd16-4880-95ca-f7dda58f046a', false, '2400-12-14 18:57:29', false,
        'http://localhost:8080/notification/team/confirm/59daa96b-fd16-4880-95ca-f7dda58f046a',
        'http://localhost:8080/notification/team/reject/59daa96b-fd16-4880-95ca-f7dda58f046a', 111111, 15, null);
INSERT INTO virtuallabs.token (id, confirmed, expiry_date, rejected, url_confirm, url_reject, student_id, team_id, user_username)
VALUES ('60991712-752c-4011-8e80-c6a2cf0d75f1', false, '2045-02-24 04:59:55', false,
        'http://localhost:8080/notification/team/confirm/60991712-752c-4011-8e80-c6a2cf0d75f1',
        'http://localhost:8080/notification/team/reject/60991712-752c-4011-8e80-c6a2cf0d75f1', 1, 19, null);
INSERT INTO virtuallabs.token (id, confirmed, expiry_date, rejected, url_confirm, url_reject, student_id, team_id, user_username)
VALUES ('67aa4be4-44a0-4ad3-bf7e-f4455ddde71f', false, '2285-06-26 05:58:00', false,
        'http://localhost:8080/notification/team/confirm/67aa4be4-44a0-4ad3-bf7e-f4455ddde71f',
        'http://localhost:8080/notification/team/reject/67aa4be4-44a0-4ad3-bf7e-f4455ddde71f', 333333, 16, null);
INSERT INTO virtuallabs.token (id, confirmed, expiry_date, rejected, url_confirm, url_reject, student_id, team_id, user_username)
VALUES ('6c390c68-fa5c-43bc-9d2d-b7b0d2313146', false, '2045-02-24 04:59:55', false,
        'http://localhost:8080/notification/team/confirm/6c390c68-fa5c-43bc-9d2d-b7b0d2313146',
        'http://localhost:8080/notification/team/reject/6c390c68-fa5c-43bc-9d2d-b7b0d2313146', 111111, 19, null);
INSERT INTO virtuallabs.token (id, confirmed, expiry_date, rejected, url_confirm, url_reject, student_id, team_id, user_username)
VALUES ('6d482da2-185e-474f-be2b-623987a24dc6', false, '2033-05-13 12:43:47', false,
        'http://localhost:8080/notification/team/confirm/6d482da2-185e-474f-be2b-623987a24dc6',
        'http://localhost:8080/notification/team/reject/6d482da2-185e-474f-be2b-623987a24dc6', 333333, 6, null);
INSERT INTO virtuallabs.token (id, confirmed, expiry_date, rejected, url_confirm, url_reject, student_id, team_id, user_username)
VALUES ('755d3ea2-528e-4bd5-87d6-2fb9b453689a', true, '2034-10-09 21:48:53', false,
        'http://localhost:8080/notification/team/confirm/755d3ea2-528e-4bd5-87d6-2fb9b453689a',
        'http://localhost:8080/notification/team/reject/755d3ea2-528e-4bd5-87d6-2fb9b453689a', 222222, 12, null);
INSERT INTO virtuallabs.token (id, confirmed, expiry_date, rejected, url_confirm, url_reject, student_id, team_id, user_username)
VALUES ('7a6e31e5-2228-4a03-934f-a94bfba2b5e0', false, '2034-10-09 21:48:53', false,
        'http://localhost:8080/notification/team/confirm/7a6e31e5-2228-4a03-934f-a94bfba2b5e0',
        'http://localhost:8080/notification/team/reject/7a6e31e5-2228-4a03-934f-a94bfba2b5e0', 102, 12, null);
INSERT INTO virtuallabs.token (id, confirmed, expiry_date, rejected, url_confirm, url_reject, student_id, team_id, user_username)
VALUES ('7cc76339-b382-4afb-8291-251ac03d5674', false, '2045-02-24 04:59:55', false,
        'http://localhost:8080/notification/team/confirm/7cc76339-b382-4afb-8291-251ac03d5674',
        'http://localhost:8080/notification/team/reject/7cc76339-b382-4afb-8291-251ac03d5674', 222222, 19, null);
INSERT INTO virtuallabs.token (id, confirmed, expiry_date, rejected, url_confirm, url_reject, student_id, team_id, user_username)
VALUES ('7d4c6a63-37f0-482e-9318-6a220c93a3b2', false, '2161-03-04 13:47:02', false,
        'http://localhost:8080/notification/team/confirm/7d4c6a63-37f0-482e-9318-6a220c93a3b2',
        'http://localhost:8080/notification/team/reject/7d4c6a63-37f0-482e-9318-6a220c93a3b2', 13, 9, null);
INSERT INTO virtuallabs.token (id, confirmed, expiry_date, rejected, url_confirm, url_reject, student_id, team_id, user_username)
VALUES ('8087612d-af42-4eba-94a5-90eb2f4a6048', false, '3288-06-28 10:46:28', false,
        'http://localhost:8080/notification/team/confirm/8087612d-af42-4eba-94a5-90eb2f4a6048',
        'http://localhost:8080/notification/team/reject/8087612d-af42-4eba-94a5-90eb2f4a6048', 333333, 8, null);
INSERT INTO virtuallabs.token (id, confirmed, expiry_date, rejected, url_confirm, url_reject, student_id, team_id, user_username)
VALUES ('8465e1e6-95d5-4af1-969e-a9484c2edef8', false, '2161-03-04 13:47:02', false,
        'http://localhost:8080/notification/team/confirm/8465e1e6-95d5-4af1-969e-a9484c2edef8',
        'http://localhost:8080/notification/team/reject/8465e1e6-95d5-4af1-969e-a9484c2edef8', 103, 9, null);
INSERT INTO virtuallabs.token (id, confirmed, expiry_date, rejected, url_confirm, url_reject, student_id, team_id, user_username)
VALUES ('86b5a356-b233-453f-80b7-2b602b64ee06', true, '3288-06-28 10:46:28', false,
        'http://localhost:8080/notification/team/confirm/86b5a356-b233-453f-80b7-2b602b64ee06',
        'http://localhost:8080/notification/team/reject/86b5a356-b233-453f-80b7-2b602b64ee06', 111111, 8, null);
INSERT INTO virtuallabs.token (id, confirmed, expiry_date, rejected, url_confirm, url_reject, student_id, team_id, user_username)
VALUES ('8c6ce297-c240-40d2-be82-2e5035c4ab88', false, '2161-03-04 13:47:02', false,
        'http://localhost:8080/notification/team/confirm/8c6ce297-c240-40d2-be82-2e5035c4ab88',
        'http://localhost:8080/notification/team/reject/8c6ce297-c240-40d2-be82-2e5035c4ab88', 100, 9, null);
INSERT INTO virtuallabs.token (id, confirmed, expiry_date, rejected, url_confirm, url_reject, student_id, team_id, user_username)
VALUES ('8e996b15-eebc-49a1-87d0-90306686670a', false, '2034-10-09 21:47:55', false,
        'http://localhost:8080/notification/team/confirm/8e996b15-eebc-49a1-87d0-90306686670a',
        'http://localhost:8080/notification/team/reject/8e996b15-eebc-49a1-87d0-90306686670a', 222222, 10, null);
INSERT INTO virtuallabs.token (id, confirmed, expiry_date, rejected, url_confirm, url_reject, student_id, team_id, user_username)
VALUES ('91cfb12d-3609-4eea-a2ab-bc82e660ed41', false, '2034-10-09 21:48:53', false,
        'http://localhost:8080/notification/team/confirm/91cfb12d-3609-4eea-a2ab-bc82e660ed41',
        'http://localhost:8080/notification/team/reject/91cfb12d-3609-4eea-a2ab-bc82e660ed41', 2, 12, null);
INSERT INTO virtuallabs.token (id, confirmed, expiry_date, rejected, url_confirm, url_reject, student_id, team_id, user_username)
VALUES ('94b6f868-cf66-4285-bc81-0af70287e242', true, '2034-10-09 21:47:55', false,
        'http://localhost:8080/notification/team/confirm/94b6f868-cf66-4285-bc81-0af70287e242',
        'http://localhost:8080/notification/team/reject/94b6f868-cf66-4285-bc81-0af70287e242', 111111, 10, null);
INSERT INTO virtuallabs.token (id, confirmed, expiry_date, rejected, url_confirm, url_reject, student_id, team_id, user_username)
VALUES ('9608c256-1252-42d6-8e31-1105fcc35a97', true, '2400-12-14 18:57:29', false,
        'http://localhost:8080/notification/team/confirm/9608c256-1252-42d6-8e31-1105fcc35a97',
        'http://localhost:8080/notification/team/reject/9608c256-1252-42d6-8e31-1105fcc35a97', 333333, 15, null);
INSERT INTO virtuallabs.token (id, confirmed, expiry_date, rejected, url_confirm, url_reject, student_id, team_id, user_username)
VALUES ('97a0e10f-1a6a-4405-bf91-3b4450253242', false, '3427-10-23 17:58:15', false,
        'http://localhost:8080/notification/team/confirm/97a0e10f-1a6a-4405-bf91-3b4450253242',
        'http://localhost:8080/notification/team/reject/97a0e10f-1a6a-4405-bf91-3b4450253242', 1, 17, null);
INSERT INTO virtuallabs.token (id, confirmed, expiry_date, rejected, url_confirm, url_reject, student_id, team_id, user_username)
VALUES ('9a136552-62aa-4bb9-8b3b-7860b7f7a10c', false, '2285-06-26 05:58:00', false,
        'http://localhost:8080/notification/team/confirm/9a136552-62aa-4bb9-8b3b-7860b7f7a10c',
        'http://localhost:8080/notification/team/reject/9a136552-62aa-4bb9-8b3b-7860b7f7a10c', 4, 16, null);
INSERT INTO virtuallabs.token (id, confirmed, expiry_date, rejected, url_confirm, url_reject, student_id, team_id, user_username)
VALUES ('9de9d4c1-bed9-4836-8f2b-a1fa76d13667', false, '2285-06-26 05:58:00', false,
        'http://localhost:8080/notification/team/confirm/9de9d4c1-bed9-4836-8f2b-a1fa76d13667',
        'http://localhost:8080/notification/team/reject/9de9d4c1-bed9-4836-8f2b-a1fa76d13667', 3, 16, null);
INSERT INTO virtuallabs.token (id, confirmed, expiry_date, rejected, url_confirm, url_reject, student_id, team_id, user_username)
VALUES ('a0fb0b8e-50a6-401e-be73-8f648fbaf6f0', true, '2284-06-27 10:50:24', false,
        'http://localhost:8080/notification/team/confirm/a0fb0b8e-50a6-401e-be73-8f648fbaf6f0',
        'http://localhost:8080/notification/team/reject/a0fb0b8e-50a6-401e-be73-8f648fbaf6f0', 222222, 13, null);
INSERT INTO virtuallabs.token (id, confirmed, expiry_date, rejected, url_confirm, url_reject, student_id, team_id, user_username)
VALUES ('a3282bfe-7d21-43ec-8674-75ac2136310b', false, '3427-10-23 17:58:15', false,
        'http://localhost:8080/notification/team/confirm/a3282bfe-7d21-43ec-8674-75ac2136310b',
        'http://localhost:8080/notification/team/reject/a3282bfe-7d21-43ec-8674-75ac2136310b', 111111, 17, null);
INSERT INTO virtuallabs.token (id, confirmed, expiry_date, rejected, url_confirm, url_reject, student_id, team_id, user_username)
VALUES ('b25fc23f-ab43-42f1-bbaf-9e44b8a559a5', false, '3427-10-23 17:58:15', false,
        'http://localhost:8080/notification/team/confirm/b25fc23f-ab43-42f1-bbaf-9e44b8a559a5',
        'http://localhost:8080/notification/team/reject/b25fc23f-ab43-42f1-bbaf-9e44b8a559a5', 3, 17, null);
INSERT INTO virtuallabs.token (id, confirmed, expiry_date, rejected, url_confirm, url_reject, student_id, team_id, user_username)
VALUES ('b4ba7414-0cfe-4782-9723-83538ebb7998', false, '2161-03-04 13:47:02', false,
        'http://localhost:8080/notification/team/confirm/b4ba7414-0cfe-4782-9723-83538ebb7998',
        'http://localhost:8080/notification/team/reject/b4ba7414-0cfe-4782-9723-83538ebb7998', 15, 9, null);
INSERT INTO virtuallabs.token (id, confirmed, expiry_date, rejected, url_confirm, url_reject, student_id, team_id, user_username)
VALUES ('b51865c3-fff1-4cb2-a901-6260058cab41', true, '2034-10-09 21:48:16', false,
        'http://localhost:8080/notification/team/confirm/b51865c3-fff1-4cb2-a901-6260058cab41',
        'http://localhost:8080/notification/team/reject/b51865c3-fff1-4cb2-a901-6260058cab41', 111111, 11, null);
INSERT INTO virtuallabs.token (id, confirmed, expiry_date, rejected, url_confirm, url_reject, student_id, team_id, user_username)
VALUES ('bb8a3916-8f1b-47fe-ae0d-f9337a820c4b', false, '2285-06-26 05:58:00', false,
        'http://localhost:8080/notification/team/confirm/bb8a3916-8f1b-47fe-ae0d-f9337a820c4b',
        'http://localhost:8080/notification/team/reject/bb8a3916-8f1b-47fe-ae0d-f9337a820c4b', 13, 16, null);
INSERT INTO virtuallabs.token (id, confirmed, expiry_date, rejected, url_confirm, url_reject, student_id, team_id, user_username)
VALUES ('bde5dba5-3fcf-4e13-8549-77bb8bea25c1', false, '2285-06-26 05:58:00', false,
        'http://localhost:8080/notification/team/confirm/bde5dba5-3fcf-4e13-8549-77bb8bea25c1',
        'http://localhost:8080/notification/team/reject/bde5dba5-3fcf-4e13-8549-77bb8bea25c1', 1, 16, null);
INSERT INTO virtuallabs.token (id, confirmed, expiry_date, rejected, url_confirm, url_reject, student_id, team_id, user_username)
VALUES ('c2510307-f148-494d-a169-dd83702c07b4', false, '2045-02-24 04:59:55', false,
        'http://localhost:8080/notification/team/confirm/c2510307-f148-494d-a169-dd83702c07b4',
        'http://localhost:8080/notification/team/reject/c2510307-f148-494d-a169-dd83702c07b4', 3, 19, null);
INSERT INTO virtuallabs.token (id, confirmed, expiry_date, rejected, url_confirm, url_reject, student_id, team_id, user_username)
VALUES ('c451361c-f6dd-45c6-b298-ec6b15fb41ed', false, '2284-06-27 10:50:24', false,
        'http://localhost:8080/notification/team/confirm/c451361c-f6dd-45c6-b298-ec6b15fb41ed',
        'http://localhost:8080/notification/team/reject/c451361c-f6dd-45c6-b298-ec6b15fb41ed', 111111, 13, null);
INSERT INTO virtuallabs.token (id, confirmed, expiry_date, rejected, url_confirm, url_reject, student_id, team_id, user_username)
VALUES ('c7764154-b1dd-4671-8c97-9fc98fcadac9', false, '3427-10-23 17:58:15', false,
        'http://localhost:8080/notification/team/confirm/c7764154-b1dd-4671-8c97-9fc98fcadac9',
        'http://localhost:8080/notification/team/reject/c7764154-b1dd-4671-8c97-9fc98fcadac9', 333333, 17, null);
INSERT INTO virtuallabs.token (id, confirmed, expiry_date, rejected, url_confirm, url_reject, student_id, team_id, user_username)
VALUES ('c8be3996-fb11-4aa6-80fb-7a797d2fcc53', false, '2045-02-24 04:59:55', false,
        'http://localhost:8080/notification/team/confirm/c8be3996-fb11-4aa6-80fb-7a797d2fcc53',
        'http://localhost:8080/notification/team/reject/c8be3996-fb11-4aa6-80fb-7a797d2fcc53', 13, 19, null);
INSERT INTO virtuallabs.token (id, confirmed, expiry_date, rejected, url_confirm, url_reject, student_id, team_id, user_username)
VALUES ('cf299aee-6dda-4418-9e09-99e77c9dd90d', false, '2033-05-13 12:43:47', false,
        'http://localhost:8080/notification/team/confirm/cf299aee-6dda-4418-9e09-99e77c9dd90d',
        'http://localhost:8080/notification/team/reject/cf299aee-6dda-4418-9e09-99e77c9dd90d', 222222, 6, null);
INSERT INTO virtuallabs.token (id, confirmed, expiry_date, rejected, url_confirm, url_reject, student_id, team_id, user_username)
VALUES ('d8068d27-7492-426c-8ca3-435213a054c5', false, '2034-10-09 21:47:55', false,
        'http://localhost:8080/notification/team/confirm/d8068d27-7492-426c-8ca3-435213a054c5',
        'http://localhost:8080/notification/team/reject/d8068d27-7492-426c-8ca3-435213a054c5', 333333, 10, null);
INSERT INTO virtuallabs.token (id, confirmed, expiry_date, rejected, url_confirm, url_reject, student_id, team_id, user_username)
VALUES ('d84b2062-51bd-4f96-aa89-396e8e3fbed0', false, '3427-10-23 17:58:15', false,
        'http://localhost:8080/notification/team/confirm/d84b2062-51bd-4f96-aa89-396e8e3fbed0',
        'http://localhost:8080/notification/team/reject/d84b2062-51bd-4f96-aa89-396e8e3fbed0', 100, 17, null);
INSERT INTO virtuallabs.token (id, confirmed, expiry_date, rejected, url_confirm, url_reject, student_id, team_id, user_username)
VALUES ('e1ecda1b-32fb-463c-908e-d3c0fc09d974', false, '2161-03-04 13:47:02', false,
        'http://localhost:8080/notification/team/confirm/e1ecda1b-32fb-463c-908e-d3c0fc09d974',
        'http://localhost:8080/notification/team/reject/e1ecda1b-32fb-463c-908e-d3c0fc09d974', 102, 9, null);
INSERT INTO virtuallabs.token (id, confirmed, expiry_date, rejected, url_confirm, url_reject, student_id, team_id, user_username)
VALUES ('e4e8cb78-c47b-424d-bf40-8c1b26bb7e8b', false, '2161-03-04 13:47:02', false,
        'http://localhost:8080/notification/team/confirm/e4e8cb78-c47b-424d-bf40-8c1b26bb7e8b',
        'http://localhost:8080/notification/team/reject/e4e8cb78-c47b-424d-bf40-8c1b26bb7e8b', 2, 9, null);
INSERT INTO virtuallabs.token (id, confirmed, expiry_date, rejected, url_confirm, url_reject, student_id, team_id, user_username)
VALUES ('f0b1125e-b2a6-4725-80e1-1f629d1761c7', false, '2285-06-26 05:58:00', false,
        'http://localhost:8080/notification/team/confirm/f0b1125e-b2a6-4725-80e1-1f629d1761c7',
        'http://localhost:8080/notification/team/reject/f0b1125e-b2a6-4725-80e1-1f629d1761c7', 101, 16, null);
INSERT INTO virtuallabs.token (id, confirmed, expiry_date, rejected, url_confirm, url_reject, student_id, team_id, user_username)
VALUES ('fba26f35-8d93-4249-9613-52a4d20a2ab6', false, '2034-10-09 21:48:16', false,
        'http://localhost:8080/notification/team/confirm/fba26f35-8d93-4249-9613-52a4d20a2ab6',
        'http://localhost:8080/notification/team/reject/fba26f35-8d93-4249-9613-52a4d20a2ab6', 333333, 11, null);
INSERT INTO virtuallabs.token (id, confirmed, expiry_date, rejected, url_confirm, url_reject, student_id, team_id, user_username)
VALUES ('fef85008-1698-43f0-a1b6-ad1257d1379c', true, '3427-10-23 17:58:15', false,
        'http://localhost:8080/notification/team/confirm/fef85008-1698-43f0-a1b6-ad1257d1379c',
        'http://localhost:8080/notification/team/reject/fef85008-1698-43f0-a1b6-ad1257d1379c', 222222, 17, null);
INSERT INTO virtuallabs.user (username, account_non_expired, account_non_locked, credentials_non_expired, enabled, password, type_user, professor_id,
                              student_id)
VALUES ('111111', true, true, true, true, '$2a$10$NdB.zepfthGXUAaLBo514OPC35c2q76AuLdGyC2pGEBNhJy/4afHS', 0, null, null);
INSERT INTO virtuallabs.user (username, account_non_expired, account_non_locked, credentials_non_expired, enabled, password, type_user, professor_id,
                              student_id)
VALUES ('222222', true, true, true, true, '$2a$10$vcWKA07ZeQKYCTSzJtdZEu8Yl5xn0ds82BOJlru8DYkZ3gi2tiw2G', 0, null, null);
INSERT INTO virtuallabs.user (username, account_non_expired, account_non_locked, credentials_non_expired, enabled, password, type_user, professor_id,
                              student_id)
VALUES ('333333', true, true, true, true, '$2a$10$PWBC9f4cwAmRGVhYnGx47utNueV8/Gl6hQdgXfSG0d/hTlFwaE5F6', 0, null, null);
INSERT INTO virtuallabs.user (username, account_non_expired, account_non_locked, credentials_non_expired, enabled, password, type_user, professor_id,
                              student_id)
VALUES ('999999', true, true, true, true, '$2a$10$ZEFVAJoLU75wpDklPGgNpuDRjbByex.PILzSZ82YbvsSZAJMhIUGa', 1, null, null);
INSERT INTO virtuallabs.users_roles (username, authority)
VALUES ('111111', 'ROLE_STUDENT');
INSERT INTO virtuallabs.users_roles (username, authority)
VALUES ('999999', 'ROLE_PROFESSOR');
INSERT INTO virtuallabs.users_roles (username, authority)
VALUES ('222222', 'ROLE_STUDENT');
INSERT INTO virtuallabs.users_roles (username, authority)
VALUES ('333333', 'ROLE_STUDENT');

INSERT INTO virtuallabs.image (id, create_date, modify_date, name, pic_bytes, revision_cycle, type, submission_id, direct_link) VALUES (65, '2020-09-10 12:33:02', '2020-09-10 12:33:02', 'Assignment.jpg', 0x789CED7B775493DB9BEE170204118934E945A98A88F4221210E90751102245A2A254298A08D242912A454044410982F412E98240E80848EF3514E920A185404872E3DC99B9F79CDFCCAC99BBD6AC75D7BD67B39EFC917C5FB2DFBDDFFD3ECFB3F707658C320B9C36D0D1D70140D4761174110028938016404F4B474F474B4F4F470F81D033309E66643C7182919D19CA749A939D8B8B93FDCC191E7E51411E5E61BE3367842E0A098B899FBF709E5B50EAB294C4655189F312BFBF04048140181918D91819D92478CEF048FC971BA50160610035D02C8141E7001A161098054469010401004407FAA706FC7303D180A9FD85309C603C49BDA0E234400302836968C17474B4B4D44FFDA99F03B42C74AC676534E9D96EDD879C7BC22E1B14FF8941F85A492387493F4E44EEC1D3E0138C6738B9B87944C5C425CE5F90575054525651D5BAAEADA3ABA76F607ADBCC1C7EC7C2D2F6E1233B7B0747278F679ECFBDBC5FF884BC0C0D0B8F888C4A487C93F436F9DDFB948CCCCF59D939B979F9A565E51595555FAB6B9A9A5B5ADBDABF77740E0C0E0D8F8C8E8D4FCCCD2FFC5C5C5A5E595DDBDED9DDDBC71F100E8F7EC70502C0A07F69FF665C2CD4B8686869C1B490DF718168BC7E5FC0424B7756869E55F316E4FE13B673B2410CECD7E23F95349E109633C1713C78DACF7846447E4E74FB7768FF14D97F2EB0E0FFA3C8FE35B0FF15D704C0040651270FCC02C080A3EC2889749ABFF137FEC6DFF81B7FE3FF194882DBEA65FA6A59B2B4F3BCD3881B8A263FA4068CC5F43DCE9ADFBB1C65ACEDFA2456021C10B58321384887C1F6E4903F434729006F2699E7E45C1C89097B78D69302B4AD808725D24F6B087F5A8A022432FEEFC0E352915BB50997AF6B58BCFB00404C9C7731AD98336A770BBD33CD86E42900DB3ADE1CAE24ABEFE6C2711C7F51E6CC1536A7CBB7421B16D67B2D8F88F894EDCBB8D1A653B6B617A6D6EE397E093369380C3CFCA81AB0A11FB21E45A00F544513EECC2851804F5D2D28823C8A0244154C08B61A73AFD6CCA0FC6191FBEB632EAEC21F37ED8696647EE437BCB9772738874B4DE094FBDE4DC89A0DEA855BEE1D2B9B718344CBA99632ED0B7C05998059D09E5088E9681CB9B35ECCEDF4B14849D5C7E95FE59156C64F098B9CA704800D96A417E439F4BDFF78366BC1F8610A906091851CB39326B15CF525B90BF2D4F3239BBA7115C531A43CD2FB9F3659CB1FF1C82BCF87E21537A7BE120F7B7C9FA5437B3A25D7508487C8A38F989D440A30994B01C2742940DE2405380F23D504AAE784934C9035E787221433D0D64C267D206DF69BFF2DD05B7692E1D7E8965274DB3726AFA6435F61E6F26BDD288006FA14059855A300C73E710427342F05E8936C4612A0300A208006320261BA014C8462621B0538558E3CBD5662A5E5FB62F945E4E3C292984455267A91BD5BD862E70AB4242919F633D4DB9E3C83D9CBB7DC37F84F6452EAC5487637916896D367ECC401D0500A40D8C50F6C6BD46FBB26CE7D7B017A6514387583D5F8D0E5D2E5C23AD9DC7CCDBDD764980A5C731BD2F2D4FB5BDBC448DDF944CE516311673125118B168727ED9D41705C714020DFAD16E7B3E60C2DB98FDDF5DA74902C87512EFE9C1EB8E14C52C2FDA119719E8419A4ABCB59FD1D14CB3DC15FEF820DD7DBE710AA372118725B9A180FA245729AD1CE2CDCA2F2907E403F85AF261ACFCB34EDBBB04DBC81B97C2C5A6C3C876677B49C4EB74B695ABA1218D4E9C6D8F046E4F9FDD7FE91E8C1BBEA3BD89B5F2AEB4A93C42AAA23EDA26EABC0758002F08A267DA07846D492BA28A169B021EDE490277198D5FFA30C136FE5FB2C5716D0C1556365E003DF4D70ADE7020AEACDFB0767BDE8D0830A38D3FDF02D4315AEEFD7F9AA6E25F63D7C1884502654E1D1B52F52600CDE3E3312490494A987B0EA02F9459B86290A3F51EFB31D1EB98FE024042F5B8C165BCEE33D463332F0D7F9DF3C171C152B71008F29484F28CD6B4F4D6EEE3B5B717490A6EBDE682377CE95907C8752109BC2DB3C1D651EB9164E6095D6EE374E579E10BFA4A1F2F068F97E35C9797E9FE9E5BE3D7E2B93205E5B7D7B7B91CEA24077836050239F6F14CA04671C55FE4DE5D23E8C69FDEDF392E8DAD133AC6D51570D650325C02B50A68011CE489127849CE6E73B9FDCD2FC554DB9CDF03107AE309C0CE2BA9FF2F6D2ABED939AAAE8F034A4A8C8E52E8E162B0171803F2757EDF4D3CFB13EA34B75FEEF896C14A0E3CA0805D8B8803D1253058E78BEA223A855A6561A7734A614214D0106F9B55A6D5D69935969F4682FE940204B0F20B4F66A66D058140BDB5C7BB0E8D0D9DBC966D56E65632DCB2167B92F35E799F1A14CCB9F7C185DFE559237B36E99D593993FD5E5E9FF7449DFEEF5E2C7B8C3D53E666ADFE3D8028627864679FDE4D21DF16F67BF48F96D5DF9DADBA96112E4BDA6EE56E47E8029376E2988EC6A2ED672C2ECF6F07231EE5300172E725DC1F7755F7D9C7D94C22B91DA0135A52284A5FA736367DB8B2595CCCCDCB74382198E25C0037BA809AB79FE0844F9D46A4DAC2A29BF1B7E15B9FCDE18D1E73B9A4EB0C29798F4EBCE634EBDFEAAFEA82DF5D28D276DE790483C05503D6CBE834B8ED833742B5FB7111CDE23FA85EEBA6E7C8E94F5612A0DBAF30674F46416CBB69A7619B7995DF5E98F9D31EB909234D9680611D9D7BEC10C7B0BC1BA0A1FB78D5B29002E88C0796B5B702C008B973B4D847D5C74C39ECB9999186BDBD8DBB4F6DAC8A100225A5A14A0B80A7674750D31914AD6B38FC0CC5452808177B9E02EE45C316C4D9F0274565100472A612D903FA38E0B90F89443CB2880649211B540BE4898999C3B08DAAAE80AB510B7D6720429EFE6B8D5D4E982E96255268AA280BC6DAD795418996FE2FC4831CFDD6BB7B1CC28B7B034CD0FAE8D42177E0ABE8BEF5B107950EFB06DBCA93F3FAD9D6544D37CA33FFD9E6209FDD243E59FBF1E9FA500F53055DC26D262C84FAB707A6D6278AA2A2574F030D1E8EC62DC8DA9DF3E3990FA4277331D8A188439F4462A7A392BB495B820B9D6E95AA3CF4287DAF2B145BE9066CC449CD150F1BDD2EDCA14F96A4146B7CD3BB5BCD5C4EF010FF9E935038C95F946BFB3DF848CD4F46E22DC1E15222CC708B711969A6AF15ACF6AD21A55254F177376284F01CA1D6D4EA8638576923EECD09C026C2AEC54B0838E9470BEED285C49AD80027683FAB7171EF27DF778EB5BAC970BC2E65DF14CAD16FE2A954FD4611B67613B96F823E010DD8AAA801E0B93CF8F3C73235C57EF277DF455C8F948CA29FBB13395BD59AFDFF6E4C3C3859152CCFF3EF668145992BA3A4CB6E348616EB03DDF51290DC14F288600092B020568F4898BD87A9CD1B7F9B8F8735572CF37D673F93AB10FED2F7CD2EDC566AB8E26FBE993720BCBD7232FD69EB82F90754E91878C936DF0B17F40C31D7E2B011EDF701F718102B83AD9362F68598D27EB719E7AEE62F62546F242DE73F016DFB9A00F0B1F6CC5558640EB13719B9CDB62BF56BADC0A27C7DA748F527DB90CA0C44D0B8CE57AAD30F1B677D8009E7DFB46B26DEE1DF7527DA76CEE7661A90E8931EE43F76AE5C350BF656D20208520DE5AA314F38CC1338E79BAA8FBC3CBCC2715F34F86F98D2F340BC7CE06CB32883FAFE72125D63A4B87AB8B68655ADFE0341C691F9FBEDB94DF0392B9BCF056FCC0FB7BEF3BD559F85439689902F0908529405329AE351B4D4A22E5E05FB596EF04F4FFDCECBCE23A5D51762013ED853E43A5E1AF541A16A70017B0A4EC9AB8492BB27E6C3C05B84F2D2D7B7F0C6F7B02FEFE73B08970322B947D6542E9F89CA03DB9BF2EACB7873C885D3C8C657B8E15B1E7EE91955BB7C9DA369EC786D5F335B0DDFE58EC6971BA56D5B392C79CFF954044EDBEEB5765082D7CB92729F7AEA36A565A664ED7CF99F11FC9A7F5CB153B5842CE37D2F29D561666EF5AEFFA786DC7F91B31B2B838FBC18E915CB2979BB96D07CC12C06FB19107EB95867EC63F73D8DB3C736A3CBA9521ED667DF4C023E321A17C323F29EBD83FDBF8E30DE75376AC0DA5539317FFE0143EFB8795FB93343DD7BA53DE49D43CE4C585CF8F846E5FEA680D7BBC1F71FA6ACF47C947FD1E31DFC7780795B9C1D1D141F16958EBE13D12C4E0EB5045EAF7C78552A3CFCA7E4C9AE9B8C358F5004F91401574378AC63B9BD8987671B062532A226DE066B780BB685C669BB79AEC4F5F7BE1D7921EF3552D9B5EF3EAA5073C9FB34F292A890DDE8829E3A8D91348C5F25BEF3C7D12140A084C6E43F0B9F1AE69A30D3ED6C68C32A6FEB90582979FCAC69FE7E267B818902FD97D96941120AAEB2DE6FF94DB96C9EABB2F170DCBEAEBA0120A40D35BF7829F1DB4BFDC849D788E351F4A1F54F37CE4925DBB55A2C06B27E9FA798F5592F526B2EA6BACCEB5E8F8BD2F2ADCFC923B95F50BA4845A7BA5C8007EC5647F21DFEE1323C3C61EAEF0038BA3FBC92B21F50EE0C9958CDA647C38211BC35C2BFFC5B138665E4ADB428A7DF6F0643477845048B0068033CE6592006710E2B6759BB0D0FB60447DF76E36A1D0A5FDBD5AC8A8AB7B26FAA286B2B21ABCA75E8454E0498CEC2478680E3E76C127752F5C6D79B91CC66B006A7FC0BB8E5073F23AF0C9FEF4C43F77CAD0E3853B956392AAE44AD6F4B306F6D6A72D8F24A52EF42CE1F1D687CFF1FDF209EA2071C6F4C4C013478CC0BE2476427CDEAC65716EF46C05E270F954349D0F05A88C46DA0CE765050CA6C14A5FB9F4E275D2C7C0FEDD9F4C07C9EF4BA1035F92F101840F9D5CDE0F67A377FD1F43C9D1C5E09600C1E163B9BCFA8FE8D5514BFFF99F877096A48BD592D5C63A26B7E7C234DBE903D59B094F8886048F162F47DB792BD3B9F52A65FD9FEFF41F4FABD683AEE95FD5E983484DD46DF045C7261D5A216E077408B2FFCAAE35A6591F3D25CB355E9E677DE6D1C449795A0AE0E570B1BA4D31A9A33310B46FE68D6E43C7227185B566CE99C8A62BA49CE57151EC47FC96B8EBF2B3C9AA2EB75FF62A5B0375F9F592A40AD8CFBC55249EFE1505D0EDD5E047FCEFA5147BCC41A0AEE8934AAD704BA56361CC789A76E2F421D675B7CAE599D137BF0A32D9236D5A72CEA7BFBFA2DBF83AD10DAFBD31E2E2EBEA22EE6DE5ACA69D14E5BA0692A86E939585D20683F0BDADC88993CD698C6977AF18186F763BC99ACD076B7C6968988D14595EE23BCE3FF15D68138DAA404FC0E705D2E11BC996CF934212F157145CB00825E4AA8D9436E09B1C8E74ECE55FED665D0B311A39C7CC14E68BBCA063BDC39179217D21D0E0830FCF91D79C60EB47C8FCDDC418E58A3434ED03C38FAA765DE92B16BC99D9DE53977574AEFDB4DF6DAA8182BCB30F1A032E0D7A6ECA97BC1DB8D9CBE592E170A4F6707656F6A73D1F754D4980F73AEB1DB7ED37B548E1F346F63A14E0A5562F916E6A24C00B9F364DE4FB17462039AF90FE5DD98951249FA7D2C38D6D24294C1AB6E7D10791A13A0108E6F812290333478B137B3FD74BD02663F1D24A2461A25627B61E9EF8EBD028DAADDD74A0064D708E3B4A40EE14518009E745276A878C67D12D088245FD996F23C8520A50A6F66AE477615D769D882056B958FB1FDBF2D78C226D40440E6487D43072434E9A1C115C470E6494C8F8F7B18399706E696E463028C4441778E4056537711B8297C04BCF56892562D062C961C905F4A4612B0DB1B5C6386CF327BD9422F889B23E6CB1FC6B53E95E67461E64408B10E8B768A9CE379035EAA795B57AE6579E0269C83CB7BBDF5297F104BEA370ED40701CD28C9A14E480952FEA2A1E5D2D9BA207387611070E4504B92F070600F11212EA38E87DC3F8D4BBE7ABD20F9F51AD993ED7CBECEE74FCA1EFE8D2F3921C6B479E3A7CAADFA74B1BCBBE2FDEF005AEB4DE09B837BA76D54F926849F022B2CD0FB76EDC4AAA1ADE5CF8467B89D3FB900F3CB508163C20AD805BD7B7A4C7E12DDDF3822FDF2AEE7EAB1B899774FC85E0CB98CB6CE00F9645C3A614702EBE5469EB387F3FEBF85A5D5FF6A33B9EA96EAF5D44DE7FEACAEDBDFFA57BB41E761A5ABEBE849C0C207B1F5F9D7351B1151B995F730E0F685CD036138C48A212D8D1835A257C3D6EB8A70AD774F55A1BCBC51AED81A94E40F4259D810A00EE7B63DB4767E27B13D2BCDF7FACC473C59BD8BCD032466E532A39F9B1F59ACB943AF997A23D2F66BCDBE30DD542BB6434BCFD9295D252D91978FD1C2064EDCEC967CB2F6332BA840A55F39D479F704130AF8FE26F169C392D92F5A963ED0F9737E2B15FD14638EA62BDB250A7221C6772571A7E939866F80A79E95AF5A266747EAC2A7FCE763A34575DC84F18E7157BEE7D85D10549FF6BD7AC88D7BAAF9BFE6AE0B603431BC0CBF479C727081E5EB85ECDE1F2820282F4421A614A53DEE1E61B998CE34E8FF24563204DA6D76929402060409D6D5B7ED5B15898F0FC7037C453C2D7B617DCD3D0D80E93CDDD4CB459D01014204F26EF762C4833AF76739FA9C49F728F1BAB4DE0B84F6048DC45A7AEAFBB4DDA36C395546D82E6AF386835DA0D58DE950DB6D0DA94490C0AAC86738B3CEDBC32DA210F5A152CABF5A1C59CD9BBBDAD175938F635C2B8AC436E43FD4EA21757AF31BE9238BA6216603E6A3B87889C91C715EA3387CE5F21FA7A8F3A597D8BCCD024FF784A7F6BF44B3A748067074355146035C1852B8E69925CE52E1621ECF525D162D63F97F4DACEFC9198F841868C43A36A558826DE6D0D93BA8563AB3EE527C8153F5C6877E20EDE6C980E12608C07A8309840ADF842E4EC9724ACCEC8A3890267EFE687C537145BC5755484806B25BD3481AA6E2101A7BFE1C4032FD6C2904FE87E8C94FEF01BF3A848CAB2330D966566F8BEE19B56D11B3084DDD152D326EF5791DFB4DAA06D6E114D911D4CDB9CC411EC912907E077E27779584BF2F3243A12120C315C8E02023114A0FFB154C0E0B930B5AEB3C2F183A1668D14E0F1D1E858C5E12ED1A0171F17439640EA3F88231F062B90DF80963C07FD9470FE5BB1C7B6392B3CBE2F8C9EB674A95CEBA27592EDD1FDC2C7149D40AFE3FC1E9D4D155A24D999BB1EAD9699C5AE4545B39531A5DEFA16E35F5747D8D3A1997E74D47C6A0EA01BCCA8C0E15399640B1FA848F36B591BAFD9FCF1F0E76E50287F201F5C2BCF116F99F5E16DCAC7ACBAC5CF21D0532D86E72E1F983028D84501C79DDB9BE58A01AADBFC1585FAA76A55937E3C690B618C12BD07F007D27C29C82024520051B656189EA3861A5DB7F526E0DF4E14A0564A4141FC69D4A194AFBF77F80675598AF821C7AE217F566CEE810E8BB6116483E4686A557B41013267AA9DD602FE417A6B05FCC042E405F9573903CE6E5FACE23C33321AE3F096A524862FA2FFD59590AF71334C74939DFB42F3F5692173A8A0F460E5C4C619810B51EC9C8319CF857C4A4CF40FC41516B125F0E3846938B9599602AC44486257C00BBD13DFE66C22E70C8D602D333C5586277D0B50A5D6E3ED28E91F177A8A4308DE3AB4CCEABF80A57A77741DD269F259EA6C6C85707E99A6547994310EA5C2298C7B00E3215C08545093CC8D116EE551FF7C27B7AC366CF6CB6649B33D262B00055F7409C8BB09E9C556561D27F20B939B59A83FFDBE607E8DA88BA73AEF04DBCFC8B10730129B82DF5D0D9E7AB601D89CD0F68D984CEA48FCB32A1EC774EDF2896D5673B779444711479B04698F2173452A2EC91A65434B422F92553F183EFDE5EFDEEC4462672420E760C749307A0A3066D74BE5FCAC006AE189387E4A909EF347344C24E1433227562DDB52DD4487204695775A88EC2591991A605730B0E0AEDCD876FB580991975C1259B81C5952B1F048859B2FEAB82C9DA6BE98944A66F44658E36C3ECEF7B25E3FCA6A9DFCDE37A167A0C5106BAEF91ABA7542427F7A6776C1B1CDB853E1E060A39A3ABD92CD303CD5B36799F44174FD71DF1A92473CAC8C664974B64906655AB67C9720C44B81B228774D74A8BA2CE1B237745E2CEF53530F5EAF4BA1E0EBCFA685A7216B7051FD5FB73F308DAE2CFA1913ED7311517811FBA581B3E264F20F5816E02DE52F48645933E28CAED5CE66DAACFE6295D8CE1DAB91490D9AE7B0A98E02E0A90E2B21279F3A123C0892201DE09F8348A5005C6AD633CA84C8426743E1BACCAE454B7AF193347E798101BF34A6740B042D89C479F54F971271C49689D032BAAF158397EC22D28246C4248FE631722B00FA1B0578B4059AF086CF0DC71689484CB455B04E77C3680BA57EDCCA6B07BB8E08135B76DC6570A13E9E71ED71916714CDF16FEB85773667631EC4A8373F7E9E1F0D4A143006D70101C1F0B7E4017568C936BC69DA66DE3B83272CDE4D9494D57CC9F26AC8B328868D95CF2C83576EC866D49B52DD5430E12305D05222EB595280ED9A30E2427BCBAB75C957866896C3B7BB6DFD7AA8FB95BC49610CDFE384432602D5DACA6B650A8DE7B65856535A514A673865A63212341E44330FC6B673A9B79539A4438708A2FA73B177221C7EDEECD475D7D1F6BB4B744276980E50C9F21427392EADBE906026DC856B6E62D5FBF16BE26AAA9C4C8778C71F09CE8BB04953B2415A3205B8E780D9F3DB03CD2AAC500090BAC0849FFE766D8A4EA6EFD58F1FEB3267F4EEDD7CF85A32C3C5E42967324444E05DBB8AC0131B129183BAA64D87611BA7A4C971C181EAA9FD012C04B06EE999CA7AD601510D2FB7DA2AAB1C71D2A197D2DC0738EAD89F2037E78B05ADD5B485668DAF1C65273F3E701A79C2609B246CD2131DA5F8215759B94763999B634BC1CAB4CAB04EF1D78C193CD6214DD17C4593F6B4037867224A221DDA2F1DC81331AC7ECAFBC6AC8CCBDB075871F27B99578284C5C75802A4F1E0E9D4F45D6FE3E65DEB1FDD22091D39D77A7E3D3564858B24F6183D45942E1FBF46335180C9517292A14D96D2510E0578D60759F467BFA521E816D0A3CE88AB44E36C9B4727D061E586EBE301FD4BD6D663DA17E35EBDD7E8924D7007043524073073D60461F24BECEF5DE0622859AC1A31EE41D683872137D729804116FA763A1389EDFA40392FBCB26FAF8B5F717CEA7BBFC5E467891E0DBA889BF4EE40EF9722C6FFF82884E1977DD4C88CD5ABC833CA0FAEFDDA70E7D0E8109FE438CCFC0F3772D1954827281BB24909177E5B0FE532920FBFF12A1A77286B4F1E2F883E8A47806F822C6B3823F67BA187D4E5A3DA9395FD82E8872DB9ABA66E37B5395D1EBD20CEBDAF904A2B6B6DCC775967A75B98F6BAF6C51F2DB300C4C4D86995025083C652836645CE1623C96281D0BF1E3A147EF46AF1C1463089DB8C784AFDD1F8AD93E832D8BDB8CC3DF9F5833D58798F83AA8A1997DB28C09ED86F32A1F3A026BD3CB2A97A1B433A512F42011AAD29C0B111F0B4A2684EEA29F29477A6C1C826587E849AE7B4CCA6DEE6B49F84CB9842368C1E7D8F638FE18BFABE6650FAA591D693D6D401BC2F6E585F352CDF6574AD4D532A6BEABC9A2C7374F4A73764A1A8146FDBAFC17AF631A261DA122B6BDC167A8DB402E951DBBDE3575A9611845B6E8FD4427FEDBD48E9A852D48FDBD2793246E712426ABEDB1E433E4B4036AA5646DACE1B464A71C2650B9544E5981E29DAFF78BCA8B9CBF9E19E4702441EB41BD78A1A4F21F7CCBBE8CEAD121F25B22EFF91A221162EFED9754A35D6FB012FF0F4E752BDD7887C8CE1F55AA25859CE8CE38195D6A192BBBC71F9DE953BE058C97DFA13995F8355D2E3A9DD638E8DA676EFBB506CFAA0EB667A6D95F7A5D9286FBEFB99496049A8BBB73CE8F0917640A877DC6C5C73B7AFD493B90243FDE7EC16174F544C6E55CAB2A3721576A4DBB7C264FC64B715B22A427F56F93CDA13737E8E1270E2507EF41880DABE86D87C780A5ADCDFC76E786D33EE9A97D7E19EA3D592A1390D972E8A041834309847A0B42FA6FA47F2B38376447D211B28D126BFC703E653762A425F2D0EDBD83A1F5CD9DDA5DD2797830EC4AA3F8FADD75C5D4A2EB012ED0E9DB23B9FE117D8E9DF2E74C412CCCCD0888E219F0FE8AE17C2ED95D910B47E8C3E7B7DF285B0A0738447E3AD207157D304E369AE6E7FFDE2637D1C36FCF889E39C8B2B6E0C3B3D5134C47683A661EEFD90D8F171D11B9837A88F46BFF5F96DD0A173EED8F46A72E9F89A79D9C4DD96E71D742D764A5AA3743718F2F78FE2F2562B558B322DD7DE9A8F56F61E7CAA8E7CA8B56F4E0BFFE08D9A156FEE46F6787C2A4EF510028C72F4EE8DFF2A899BA6000BE5206AF26B3FC770F93161A16A1E5E9F4EA22B26F32FE277592A5214F95C05D283AF6EA7C945CDE7827FB98D5BCD732CC7A8717BE6AC9B76781438F4C45F6DF950DEF755DD4ACEEB7EC550DA67099104FDA23FEFF51634631E385E82C479AEBC466628BEAFD1422DB066CFC8AD20AA2800620AE9E4767836ED1C05F099A4568A07E9D0A0DFE73A2413742F6AC2045A76ECB67DCDE347098CB4CFE44272DEE3A9972095968B0D92C52C9DF2E8BBFC4D3A4E2447AB952444AB7F5243FFB80909860F61BE0CE58B6F7FB81EB351F918F214F44E704972317F0F1624A0661C8E3A5D5461558ECD31E6B59871B12E6D69BDB178606EA63ECB321308D35A29DC04DF1DA0926C3BF293D39951BCDB80D50B70E0930F7CCF84D542BE6F59D8C86F63C3FC381C060989F08AB27BDF46A62A573F73B7777075295D6D68F8A5910EED4544C2766EA95199ECBE159AC437DC33827EE529E119C7B16EF9B1F4FB6B9B996E0F9EEFC03DB4F0655A1A1D777FA347372153C892ADE3F86DEA1D27A82C3E5A351A11D08ED9D16D27BD14271BDA60350453B05436F999E7DD4E6E56421D5D5D7F5B9C338F394E92E6FAAD7C76A922A0EEE910088FDA30A34A912AEACB971F98A3738C074738E8580159DFB580FACDEF917BD739B6F6408B82154AC7AF7B5990752E54BD22036F483AC06E1A51EF936B416C592157FF30C389021C475988A48AA32C0D4158C00476E78F677144265D0A9061877E55B029F88F3B9C9E8813BFFB475022372B228FAE4AEE656014C8BF4F5B4C716EA4B0C7D4CB7CE0ABDAC0FF3C3044771E916EA692A80354E3BC531FC84824E2A9352E81630E45F4A1A64A9EF32CCF5FDF72000F4BCEA3260DC906C5546D70CF1BB3F76C185FE1674A744476980D6236A09CE4D8944035E67F1442DE74BF4D317548448D7F8F8B3CE6489D11384A5C60E524DC5A00EA74129F2125DE5173EE780A3DE46F6B1C6E3E205DBE5E71CACD0B3CD9F9F92187E705DD9FCEBBD03B83C5F2313644A3FA9BC9CF3DEA6A3B99359E3D28845D76A0C9F28D0D25CA7B63ACFAE549E65D66B8AD71B7A2859A70BFDDB0B135EEA76A69CC0C6866740DF2519C80A5376A6E333BF26283B3AA88A1DBC5EBF7CA817836742E234DDA2C5A794A16348FC175D65389231D1D460170E7906439DD635934D533AD48CE618E19A84C123D3AF1EC26A415F59FB8CEB3C9CF805030E716FE3A77549AC76AA9D1F0A446A9F565F12D17113AFE1B77A26717C4A380153FE8E7DE7482B4C680B48078F5E01ED157DFF29C815C3B4FDE053D0837849BA65EFBCF3B6A0827782BB232E738E9AA34B9A11FB972B8026E70C6621E600E2FF8E49082B2A80E08070F1CC504B422776EEF1B13C186547F339B0EAD385F86CC471E18A9A6FE59572003BA503BD76AE528801BE2C84CCAE70D760D451AB4B1225E427630E27A4975C8D5DB156BA6FF742F1000EFD76607FD556E8FE6C3DF047499081F33E1E60B686E4E15003E82E59DEE481AE8820D5A838EFA2BFF110479C8E364719EF098F25EA8A69043790152F1DE8979477777DDD20B2CE443F4C7F5FE5A8F399400A1A04DB5AD1A16E27783E76871C9CC5FF6E9AD13876CBFA8C4BD8968FAF20F1240356E1CD58CC4C51FDFEB7F19BF5539183964771831B9B870FF803417174502D01F2880ED16D8C94660F058B3D079C27306F5C2E382A516DD6259F3B9B6108FCB4CF466AF725747E4103AFF74E00E59C66C72CE55E17A5B377DF88BA5B6B2C8FD41A982B2DD6F1FDB7EF15F834DA315D068AA931604395912FA147AA1ABF094980DAB8D62D69EE9A5D76D01CF44244424D4ED95D7E6EB9D2840A8C702F288CD4F9F02045347929002EC43C7965BB0E330D64BCF2C10678E864BCCB8D6E52D3C3B36140F33D7B43DB1554A083AE4E416B90FCD8E6B7FE987FC67A91DE2A7E77AF1926DB5B6EAC359191D8863D39E72235E615F7C531437684148CD5851AAE775D06EFB90D881372C6CDA893497657F78DF9AABA1F99E4707573A34B196655BB2B59E811EC6EC0C3F33F2C34BA12CE8A2C84FD6E7CA426CB17A8D0768877E8CB39439EFD39AD1D04237F15EA8E333FC7ADC81C543B2E7DCCC791CE4959A84BDBA108E9C69CF246AF68B87B5EFE10257D2D3F05C3E99E5D80A2A070CC13115155D130695EACC61BC099F75452622E3394A1A2F089BE8F8D273EF73CC62596ABD8A8E3547294045ADE6451DB3686DF6CB62DF3F697854688AEC8BFC4CF027707499C7BEFAB436B1B1451F99857532159AEA1F9FACFD9139144A1BA4C13DBCAFBB7177366FE0AE711BBCA446633BF5A4505790F80FA604A6D8C0FC5CA1852BED4E3D0453A2AC13A7D72DC4B1D6FD4776D15C8E5F0C782CBEF8E8ADBF8EF2267E2EA1DDF96C575FFEA5AC727023BDAC2458D2F7CE695D761909336D3000A80212E005E93F1990FD066FB6790A10E3C7C6AE38A1FE65C7B1FFCBB9CECDEB7DB34886DE1F216911E6F5E1A41C75A87762BBBA50D936244CBDEBD9085EDF016F2C11657E4ED7A5D38A414744A543D02B7A9963071DA9263C2FCDA42220D4AFC0AF723D8C45B4F59B886BB30A2361621A7A414F385E4350D3115551B4F73CA226E76551B1ABEE4CC2C4E127AD3D735D61F2917C4AD5A663AEE1C3F5CFDE37464636161E56C18B54995F745E38AB664F085F18A87F9011A8E8777FDEC5B4957CEEDB48C5F831713DE1E4E96F661A5C66B7C60080FC424521C6CA8607978D997FD16223D08FDE67ABB3B5AB0AFA783AB10DDF362CB0A1C1EFBC8A0CC196E99555570D93CF71D925C88AC4E94586643F69FFD01CD6D8FBBDDA34E8AD50523A7338FE2AEEF61134445A4D2B57677BCAF97118C3B4BBF9B4928BAB8ECECE0F7FC697C2459EB03F335EC185D09BF9C0CDCBC0A68D23516FB56A02D358E4D3A55F5A5D5FF77A72A3AA32322B7EFB09B7B219ED07C0B88FBAF8BA3986FF418F0BE28AFDDC28C035B748180E0EA3006C1A82591C8B9872787315216456E99551A8E0DD41ECA6E2950813529A548B3BB70F33E8D11FAFE97C92D84187F7D564AD7A45E4DAB68D78D99F795EE86C980D865E833A3DF2DFDAF6984584070875897D3A5919875654B26914D84F86902D755F732D08BB0BED750881106ACE9832F1B8F23DFB2F3C36F94AF74D26D66DE3D33E1B9C86FE20CB83E6F6E0652BD832448B9166E7F4F8EAD11DEEC3E22D8E20AA4D51AB4AA346EF8B69A200E35DCD691C29A7745B6491AE6B2573C30F8D2AFB954A91DC7C3BEDFCCC7D0EE0791E49786BCD4B9FAAA8FD221DF03BD72DBBAF5AD17E54C1B25065D9990EFD4AAD5ED843E105721395E145D16E683E52C2E64B41BA67E3340B9B9C4AACCB694FCE1A93DED6C506C214EAFFB2B36583DA966B50BF5C4B889FFF966A7C8210ECEB58E15C7DEEAD94AA9DFEE91F3F655F7F150A6638578D26C0D57F9B2825AA8992A4525A643A341FF9007D285A8326853DA2F2CC6938862A92BED78815A41F2B0D155574CB128DAAFD2DF5CF487679858E335D0E6CB80CE1A6B51F1BADEA83BCF9D35E258206BEA2B4299C8DA5D642FA8A7529B1CEA523BC965BE9CC84D85BDDD6968773B759DD41304D040B05F8374C185517A55069F72F938FC86207ED1E6C529D9C48BB1E5565B4208FC49C0835F573A4E23D23B80DC12B6BD2C1E7113ECB3D255F8FEA786B7B0A7E762A9D4E7F2DABD1FB159D00FBAB837C4901766E1FF35205562A8C249074740B814231D582174EC222D5D96A6A71A808A1CA70F3F2048B4783D9B763CE3C147D97D400D0E82B1C41344EFDABAEC2DC16E58E6C580F41A4C2FE2157F98AFC497F22D96DC4B124EAF7F35AA9F3C6C71CBD14A06574125B169BEAFFD98F0BB71F5B60EF61EBCB39A1D6E5FB2EE53C9B926C7CD23D86EF42248674A8013A0AE9227D78A1C68B1444AD4DFD83F089E11DF14DB7396996750CEBC6A57263E8DA5152E9EA2D9D418B717D597AD64E83B766C2CA420B533721DD1C5B14A0044E95137072C30055C010243B317F1E8B3A0C5E9B1AEE9E60A46AD24875BAD3914BD9AA6C5BE98C4507A3DCFB4F67351F81956917C6FA20A354A3B789C4CD585D3525B37DBC746EC44BFBEC100B3BEA82B58B85F1BD429ABCD55DDB3C9FA3B58C6F95C13B03CE56DF1FA44D3C73588C32634A38CB75A101A7491B7C0A08B0308F0BDFAF336EAE29E7490BF7BF1AB307392F2F15B27735E26AE377E1E053FE72DBF6F8872F5CED87C8FC5DAC99A7363F4FA94F09782CEA792F474BCE32073CBE07FDA8664A2516828949DAB97EE93D9CC8CECBB26BD76F4CBB97429330B3227D904A6F043E7F9B239A469AC5E12D4FC99D61730711C55239E6C263D9047F8EDBE6DBA46266659C310CCFF12F4F7F6CDAC8913EFBB9CD333CAA1C7C58D157642D8B2A392BC721CC252B23C232FEFA3CC7021CCE7677DAC8C34B3E71EA8F25FD4749AFAE94A85C6CD9D117174929C95CE5795BF1026FC46B5C3B74A93279C7E5AC23C261ED79AE385FD43E1A4CEE0950DA666BBD94E72610746FCEBACBC7E3BCE92AC39510A8EEF87E3AB4A65D13C1419E40EDDCDEC310C1DA5429B78CAE80181CF2E26BA853B28F8D54F51C09A74E4952A9A38CCEC0387576216C7F1824E4EBB86BB67F4D87BE2FF8AB324CFAC715E58BDC783507635941B07AF21679680CEF4DDA0F3C8A79545B9AC07EC9EE6528DD1BA659B6385B0D41EB413B0A709B02FC4AF154BCF5EE03F357AAF347687B22FE9AD9BA7F4DE33EC804EACF7B5B7936CE44656AD1D76D8C83DE59ABF452542AF1CFFC51551D99112FE7719EDB1C880E86F645EDE503C7ADDB6F23A5C38E2D0A1DCA20D8FB5EA25F2F7DBD98DF22E9CFD008F9AA1087B027F763C1BF6A9DFDD40CE7E418465E3EB852A0CFA0F98CDDAFB06842E33246A611F4E22E46E93BCFD2ABBC159E903BEB3EFE2328EF4C31DE77D12EB12DE0213E3E96C674660A30BBDC66E43C978C72767671CB7538603D1CB43430384DD4B8182B57FE9A9D2F8CEB56BBCFFE29437C455D428FF6A09AB09BDB73DD0ED156E21F51FE7D3AD44A81BD567F2F2350FD8894EAF7A4C89B3AB035C5E879EEFBBE49C30F8345C28422D91F48BC13E2D7A34B7D2BB23B52F7A096172F57FEB58200F71B55DC692A5B2B356489678C3CDDCCC054BD26CBF07D4F614B1EB8A5CDFE5F82B979D15C1DF40E93823FAF11E6D4E8A679DE251FA4B7A0E621E37046A04A97340D41A7ED8942726839AF63B86EB871286FB14FE83E4D0D57A65EE69D79EDEBB742CDB8001FD08DFF75942BE349A5060FB8CB4471D06784A297DD52A7CA8D17CB4BA66B48B95B8E64465C65EAD9C41BB8914887E502CDFBEC0FF77F714E913D31DA00005C5666BFA50DFC2BC63FB35CDB5134C878AB8CCFB9CD137EEC4DCDBA5131B24EA05A5913B65CBC79DAAF952FA5B0C6E847ECAD07439F646CC12AB2975686FCEFC0B3568E7A928B26FD7374860A2B4EFA25EDBA885B980AE7762648EEEC4401A49B6FAF472926C06F6B73DBD90642F2146631FC01571C7C94C25CF73090B5B73569DF5E7047DA952315251FBA9EDC322DAF970B3CD1D8280C86CCA74800195107A8F1F0B9ABCB91C75AF6F345366C9CE1E5872FBF1C462107C54C7742A965FFCEA338A1F82AC8D20468DFBE09714A90E15809478E3C9794363126BF66A5FCBEE305A09E3A5EB279D7E5BFFEF42EFDA5BC3918B3D3E637B33EF9574B3D1B53E3BAE77BD58E3BFD8D979C8AD081B5828E6713469B5268997506FA57FBF28407CFFA177CCE08E465776477E6D3CB8DBA9C9F094035CE0FFD3BAE4ADBCB856EF15BA317AD69C3C229BE5CEE3BBE218D790EE9CC36C6E1698C6F75128C19BC9F4C47DAD90D0A89240E25565694D7417407F454CD9372C6E6AEC5955989DC01A71F6ACC97E7FEF73C4AFF5EEDC19D87D109E03C13DDAF39FD1A8222CE9852D71CF647E582EC1653D5AEC275950E0035475E18FE5C20C5DF41FED56A231CA9F79C41365FA09254703DB5D23444523D54B72A6CDCB42D5B9BD56986EFF6F729F3171DE07AC81BB9C3D109F99B90406F28FE01AE27D2BDCA46AC2EB5852DD355CFE0C599854FBCAF65EC8442862B5FBB9BD7ED30D856052BDF8B3917A6C01011C561A6D10030079AAEFC5FF09F077FE36FFC8DBFF137FEC6DFF8FF0950CAF8FF00634E5ECE, 0, 'image/jpeg', null, 'http://localhost:8080/api/images/direct/65');
INSERT INTO virtuallabs.image (id, create_date, modify_date, name, pic_bytes, revision_cycle, type, submission_id, direct_link) VALUES (66, '2020-09-10 12:34:07', '2020-09-10 12:34:07', 'Implementation.jpg', 0x789CED7A675453ED9AF60EA10B84DE2128280802529422108A3451402C880811E9202020825242912A1D05459AA2A222840E222422BD4911084581D03B09359424B33D3367E67BDF7366D6CCACEFFBF1ADF5EEB5AE1FD9D9FBC9BE9FBB5DD7BD431DA64E02EC170C8C0D0008789C829C0200EA18A007D0D3D2D1D3D1D2D3D3D13330D03332B3333333313173B3C158D8F9B8F9F9F9B8797905458EC30585C4857979C54E89899F903C297D52002E7B5A56EAF471A99352BF1781303030303332733133734909F20A4AFD8F0FEA57808311F200AA06851C03683820500E08B509800300840EF2B703F8B7034203059F97819189F9087841253B400381426968A17474B4B4E0B7C1E0F7002D071DE751051D7AAECB760CC7BCB915C3525E318AEB9636F058F4112494EEF8843331F3F2F10B081E3F212975525AF9CC5915553575BDF3FA068646C617AE5CBD76DDF286D54D7B07472767175737DFFB7E0FFC031E3E8A781C19151D131B979AF6F4597AC6F31799AFF3DFBC7D57F0FEC3C7B2F28ACAAAEA9ACFB5DF1A9B9A5B5ADBDA3BFA7F0C0C0EE1864746F153D333B373F30B8B4BC48DCDADED9D5DD2DEFE6FBB200014F2F7E39FDAC501DA45434B0BA565F86D1784C6FFF7051CB4744715E839752E33D879731D530C63E4D64D7955DAC024AE6441E0B9E3D3C7CC2BA18C3F4EFC6DDADF2CFBEF1916FEBFB2ECDF0DFB0FBB4601162804741E94034000FBEFE2A4F268FEC25FF80B7FE12FFC85BFF0FF007BD09D32A27FAC32227668A85632E64CB0FAC062A9915D457D2AF7295B6D6BB7128149DF555B592A7044A8850A6CA905A451017A10C4AB90FDCBFA21EE54E05B0B114B66B395A0020D6FA8C0E13538A1B4CE8B0AE865C42208AE082AC0A30D7FCB6DC94038B1BF7E85648C2FECBEB014F8E57351A7B1C68680C8F71D81533E97FC9F0297F5B9FF5358662E4D0863445CD58BE65EBE0F886EAF2F7FB13A9FB462295B76FECE274571B1C9883655F40574B7571C15D8B85A674F05EC5EF69045B720BB2AD1214A2486A64783EFD2F2DD275C07E45E3A280427E25584B9E22B6EB34196DC7B97373B77FCA940EA0F3C727FCF8BCC3BB82FA44DC77DF97F071E021548C2A81DEAF7D7F94D69AA3736D95ECB7EF7D6D78B0575A7CA2326B5EC7D7B7C5A2883C45C2D2C0CCE7FE83F951B37CA9B50BC8C75FBE179F1DB8D90561ACF31DA782D476D4369184325101CA6CF6D0EF9038250C4896978E2A12CD1DAA6AF42D67FA5D6A3F4B13E6C7832F84B5E4252579BF16CECCC6E31EA2B4298726C09A34E98CB464DC99FFDBE6E51559D8928B596DB7A78ED868301639B64B2AF36FC1EB8B790F9F1E3A4CE4904CB72C64DADCFC5E48CCB95629760C36B705769FEA08EC7A28C0B6E91D8D69EA80C3E0E1D58AC8A8938ADFE015D5BBB24802A44A7625DBDF664295254A0B8840A2CC42C8711760FA3B77AF6F79F80EEE786EC47FFC3F3FFEFC0907E7891248EC7C6E41C4DB21A5AF70B904BFDE5113E6A22F86EF0944EA3412B42611D2919D28B856DA1A34595CBFB95CF3D595C7DF7A37F3593D89775CEF85832F3C7783B06AF9B64281A8C100FB33DE9474872D86B2AD0B7D9CB108A1BCA01C82FEB8E4EC94317D4BBD7DEA25BFD508E3C5D852C84C72C4B4CCC2CE7A7736670ED7EFB7A04778AB14A041558E1F1A002AF9B81BB014A8DE9399C8496DC57AE6566B26F9F86DCF23A47EFA36826019CDB67BEE4D59C23DC5B9C8EBB85DB4A383BDB6B546A6BDB7AE4A944E85725687CB8D28ABB1B46865C8998F9B088DAA10737CCB0471B7E0DF5AD8560082693D0EF64821F5EBBDFDFC37276DDFB54E91BC6C85183DB3C575952CDB415C6B1A7DCFBB44E065913614D029CE34BD74BFBEE40EEFCC84BDE73E6DF7BA3F130E1EB4C3CDB578719E88A8DE5744663B01CB1C833E88ADB8614ED4B17C71AB38669832B7B38673C96D30573A2F4C0397ADB44D3E027BBC0EA2CAC2425EBB4F08756FB08E473BFFAC9245E370A3391A7AA32EFD6734FBCAAA3DA4945072EE138C69F0550F1618E7008007FF7AC95543EE515A121A99CEC3E7EACB4EA737C64EA2FFE6E454E8850BE7697AAD886BA65D7041FD655440F59F1C49470FA73DFAAED69CFE2311AFC73B4C22B8161082220A8292C9CDE3F68551BFE06C34E4AC2C3F8D55BF1BF423AD6F0E54F7C5A4E26AAA70885CE044EF30CE1661F73197B69F8EA88372BDF1511E12F948126EB88306A2EAF23470AA758C63508BC678C1FD70EA54F8D2E3E717C7BCB49CD880AB8D030AD5D4E001E15FDEAE27D506E637B899BB737DFF85459CDF904A0DD493214A04D75CFA40291099349FBC2752A5420C20841FAA8758A0AB49F226690C3D0882D3DDC5C3D1092E31272BCB74EFB875C44916BE64B5DC8532B1B43958CACE907FDDE59A2986796CD5ACA045C240F0A7F6C684579D7EEF39D4C7309BB2C07B1BD989E7B3293886814A71F3A7A3FA49A2F5AE379F1B60EA7D007BE40DD0FD8B593D3DE3FD5D4A00C893E6A47963BB37537DCBF1CC41617BFBBB3714929C3DFEBBA7D3BE2264066E8C39C0D521B9263399B23539AF0F5BBE7E0AA2565FFD9D590CA05B786A78AC957E3C3CFE166FD82A10772413730BD75C6CE784D9F35E32D595D1DBA82179FBBDFAC686B17A4722472A3B58D3CB5EE8606E723332778A8C0CC8780564AA34AEEBEE6F2D63BEC198C0C68B70531891CE585D80AECA59F5F59A702C70BBE61B73726F6650BB7CE6235B0CEA83D592DF056743A98401EC85715C075DBFA2959BEC63EC313F5858BFB777D1C0C3CD7386567FC8ED4C4E7BE0D705E1521764C7FE34BC0273156D8DF64165CDB1E50AD64517C1F17A0C8116ECC0F243221E45B3313B6C70B0265E7DEFA69FEFAD97A3FEDA791434ACFC574B513A15A075F48BB84FE213C3EA39943E95583C2CD5B46D888530EF0AF38133C1588C1B01159FA74F24919173E7F7E1167E829C7E3E8738E718C05257D7818FD5554217344EE28213746A2DA8FADACF8A5C2750B45C673DEF1FEC56EA188ABEFD12908A7DC84CCC7EADD058F0F9181B2B3D963319FBC2483FBF58E224EDD6D4D8D0F1068A70DFB5180BB0FE9B6211D34ECF85FB1B6219537126E7D5B152E3579FF0D2D1411FEE98803BB0EAD60C6456275E419EB854F15582E17FFEAD454F1F071CA498920962CE952C950333C32E78F3BBE048F0E3999D660ABF0E35087EEA34DB7E31C77E4CF8FE5CA7723241ED09527925A0C41C78B0D55662BE996AA640EBD722D18A5E1FB5EFBE2CEC59C8853DA3D95F7AE5301118CE04FA4EC9B10A9D00B3D25CAE99B120F775392A54467A63082446C7CE58490BBA29BAD38367DE98E5986806A1C9DEA9EBD699CAA88FAB69ADA991E7386259B84D9AA57CEACBF22BB54AE974B05CC4536E67F58B8164D1B2CED74FBA3550C33BDB166E1243C3497C793221C1063F8F0D406C96D35694CF6AAE7E8F0D7748594287EF360CB44230BBE69C99604FFA9E3033BDE1A99FE51D5307933BDAE97A67A1D8DEBC293AB07F950A8B837B03F6F451A21CC1BD5B0FF227DEC301457ABB092CBA0ECC7DE08A9C4057835EDC363572FF54457BACB1A1C6FD9F438EDF362861EFA4CAB098A7CFEAC140FE75CCAE1C4ADFA25302FAEAE8BDDD6A15D4DF1613284AE9F6C3D168A307DFFC98C9614876BC670F5572EB330CAE7593D88629DAD36D035F4BBDD11DC5010D0DA94E9FF58E30CAA785951D1CAAAB53E1CB0E9D1D7A70DB58A051CC2D2DAA199C0882454F2EDBDD1F5662CB0E002729DE64756D26356B26F0F4C22B26E7FB28E392C9C42C761F9348C899C1BFAD81A774D61B5D38BE96BE72F28A5D451814E037EB8C27A16DD7799F83E6559A46D8ED17D4D692A609179E6277164ACAE2BFF9D91F93D29E87AB6D2745263F0056F1E6C5C11473B5445C1C413BCBBF2D8FBD5659BB9948F8BFBDDA9E32EBB3B193BF14656AB4E56E6290D90A729CD214ECB39224315F4917EABF0CB3F046F5FD4DD19C4CBC73B7B4E2AC527E6BC2E0E906C519F0FAF8CD996679BE8743F7DDB215E41A18B3EC48A2B9FCDCCF6455BC35C28E26221C27A68AB887E50CEAFDBB4F552953FC7A7EA0C2666A56423F31B615934DE2BEE39A44BD35FE4637258AB863EFD687F7942A8D0C7C7EE39E4B3EF4FE170D82B1136FD8749AB855440A2FA021528E942EE1F7B046C234937C619A9C0ABCE46144919EC8D714564992B2543A72C768D319598F2E4E4B4D18EB29661555547096176FD905B966FAC826E13459F11461B1B4669B123E9BD2F2EEEDE2BDD9C1B5F19D343017BA1D369893512E60C635AD2A4DC493473A784FA7CCC8AD8E784AA762F2181777AADACC276CFFD44F40DF1A8B81C06A27ED3837DF9D853273E2747263219871B3349001FC42C5A13432DE7794002F2D64A703EB64284C628CD6668AB5E61962EDFBAB3062FC76001E5C824268D20A66CE69FDC37E9812DEF225C06EF575A1DCD31EC4A1B4B4B7AA951AA176ADD97A13193C3B733490592772351CBA32832930BB48122714BCF9FC8D5AC7236CD50B36EB46820C5848BDEF08A127B87212DBB0F6371C68EDFC0DD8ADC788C48FDA097ECA74FAF95F632F8143F79BFF398819E6A82A46AEF676EC64941B7F229BC2AE188051FC20485558C0A4C15BA9F07DDF36870EDBEA669AB45B5A14245953F93A2CC6D91371FC484D9BDD7643676307DE438D4CCF3252AB0C30F52F0F38DDAA2B39F96D59D62DDE4FC8A2E749A56497ABDF457FFF662AB935DE996672131173F9EFEBD5A4BE647D67B5AF2F3CAAFF3BD2D4288C820FF031354BB17D190EC170D2E6268EBA80DCFAB428A6A098E9B1E8B6E662F14DDB436E3DC6E1DBF0FC5163DA885C529C3D82B9EE42D3F727A430CED977DDB7FA10DA6DB602C4E4477DD4C1D7D58E479A7A62ADDC839B629A55D88C7E1B60F3F479BD866264036FDB4EA65DBAFCC2FFED266F0AEF2B08347CC2E186FE5F6AA7431EDAD6E04E488EF34DD6EDC8B3AC9A987B6D357AB423B5D83568EDC32A8A193E839FE552C6AFE1E6D8E81556ED5C461ACAD28187011A885AA3C180DF975A590ACF5B47C0CFA7E61A7FBD8C98BA236CD1585125E4F021A1A4F8A4D866BBDFE8C8EDA651F0D3A4FA8ECFED9D7E0C556E82E51D6D17099FBE29B72AEAF004BAA7BF6EB50C40504DE3E409C122DCF4A0526FB6114E9CAFBF29C2E21624AAC0C563FFC94E82754562C8DFFDEDE859D7B71733CC1970E585145C482832AD4816DA86679D334FEE672B55EB37803D4AAE365D22ABC8C9CBF96F065F770C2DF53698C47B72FE448FDCF934E58B6D1D9ECF3BA471D6E61028E24FA66D9F36C44AFEA835D15D734B1B34A05DE945AB24E7AED89048152C9EE088ACC5F01D9F7D2E799C456F8B75413D4903092AD11B249F1DDDE9C986A99AE1632A3E0B9A19868046D448D394339C8B9FA8234B97DDC4731B9EF5A4F9C775AC31F1B3734FF12D3BE6FC9E44F5CC7BF2D6A6C948F3BE6AC177EA7A22605457FA30D11860EF3D3D4DDBD8649DFBDFAA5A6BEEE6984C42E6745AA163DBD55AC642803FEDA7BE856412396FD103EA53615A14F3C91E1E77B5246A4F6A774D70C4B96C1BDD65033D3C101DCAC47309420393D5794B75475131EEF3933A02C90A55BED8B712A3F157067E6B02F7E0326E603EBAC00B9C68DDA89271A6AAF6C648B3FA317053D3AF352EED4D527F2491943429D1804689D87877AD5044464A6B0635728177232A8C06D17EC56D01664DBF2F094172DAA77168F3D14D4014BB2A5697F4BC90BAB81F37CDE3E01D062DF45643ACF229C1B733A20698AA628BB097BBB779A99CBB4DABEB2C447D060B22D40E41E3D04104E85ECC89513CBF1DF53EE1DFD42BCF634D1C0D7A5CC469EBCCD5942767F4BA84ED05099AAB4C7777B369ADF17CA5175A43F2FD06205EBA20F4C41BEA8F4D71FF4AAB8747DCCA25FEE6D05B62A987889CBEE29150813A0BD2F96EC02DDE68D9B0A61258D84880540CD8686CF67149CB6D5179852FB11355D22CE0259E0B7F4F89F89C820CB033754FB957E5068B0F25192723003FF54B52CC21AD07B12E3303035AE55539EF0ECD523DF20E8B1336901084AC3F589FD53E60CF6481ECA68EEC6D52DEC01148CB8FC7974E53FEEF1E4997DA64944F8383D612D924552B77CD03945AFD3EFA36E86A28206B1C6C35C295E4A189295E3BEB986B5D8A202244215A8F74C0E2381A057073687AABD7588B78B5A1284EDC8E217733FC97173E3A30AC23E9C9129E1F1D2C9E2B7EFA9FDD454DB4BC4FC2057A266D25D913B02A0D4396F86E43567184294AD7F4331BB6BB155134DEB6F9F31D9734AE11442673286A76297F615D4E61F1842018ECC358ACAE14942C244A3E68365D3DEFBDD7254C0B4227D5FE889D0D5B072C10CE931E02723EDED79819ECB66E454ECCC13D789ED4D6FD058D647F249F8C4E9AF2112E18EBFB8333D3AD4E705E84FD09A33CCD9042B1CB0DB701361711E8AC3E94302DE63B30FE007884DF48BE585F5E1348AA1193B1518D6446DDDE965F881E4059F3BA093F21597BB7F7479D3167BE11FB541207AA59070D038AE36E4D71E74C9FDF8CCA3FBF72ACC1FBE1577F2D993ADA69DBEFDF5BB9A1A3DA638179F14E654E5026FA0C0193B2B9EFE9832682DA76381D5A8A17351763D242A408C26FB54527C7043CA90BD65E2C1578E434D529856AEFD9783134B0AFE8E9F9F7027C4D231695E282B5932FDF5262B73F3F9AFA91487841722468E8EAA62898F05F7A37766CEF3E5B079279D6E7D5080031A93E6DC673B00B23AC1A97814D4365B9A778C9A7CDC784FDB2842B3DF4E5F17D770A6C5CDFB37A3F6A46D15C048EA9EA7243D3AE89C8C021D7D558B6353C5F9401D5EBF589DF48387E0F5C7AB809FE46C90CD56902C29186B2AA05F19BC3A45F644B0922C2D87DED92CDAB91FFFDE35FDF09A84FC94363C2188EBE01CB86BAE043439080C56B7FDE59DBC946992C094BD9062AAECC033D5C99F4D8C873AC742B51807D0C57E9A064B94FDEB996B4B9639AED6855F38BB5A45DFA4210D435A7218CB07B665AF34DF7C7A44E1C72FD915BDC98F1D06F341F6EB52C390D59ADD06B8729F36FCE3B50D86D5B7786BCD73B67D1AFAF68C711EC68EE1EB2EE69F88AB52337EA7F4D8CD5ECB4F6F3A72030B7FDA3DB22281B764FC28C120EC93497537A634EA214D56E84A68C9219B7E88236E217AE540BC93E0FC2DE1683BEFCB470F58BE86849A3334C2FFC8E9BD1E87F05710339A6C84B407DEE60899E0FC5256DB3881D2F27B46E2A460563D22927221231EB5A2F4108CD1F15AB391028A092A920A2C7F9AD83F76013830B944B29AD4546F91B9A171F4559D773C7D4D99F10CC2F29E1596D37D5A7ED4B0E1BA283D2943363D315C567D63F4DCB0186DAE84828363BBA4B88F826868D828565B66AA67CC124CF167FF91E23CBB138D5E608AF70669BAF5BBA4D756FE6A92DABCB5E42DDB70C720E49A5D25F02BE9298DB680443CEEEBB3FD685054ED018BD8ED5538255C0A3ABB3EBA8E9F88DE12613026F28615DC5C4CAD1F2ECD11327A7CB94D4064B04A8E9B63362559ED578F0E520E374605AA34143A09712A7E9DFA1F74177C7B57537CF7140E97A7988183EA1DA35A1538DD8AF8F1A491B5E26302AB1913ADE45D5BEB0377D26BE3CA6CAE6FBD5F8E0406241C4EDAB38AF39EDFED788F3AD8B34D39007B7F3B1CBEC39EBB271B347B60D1B64EEC69B21B792E56758D76DEE540D9104A94A02843E66EDAC48FE614B8DAB9406FD95C4C3E0FD3ED6A305C72DF2A6FD0E2FDA121842F94E5D27F6CE87E379457CCEB1971D368C6EFCE43C98DAF80E5DC3590277A4FCBB32E52E4088394D8C226D1A1B5639125470C86F76C7C18590A928341E7FFD43B5EDF5472F18B63429CFABCAAD8645C621CB0AFB2731277BC9A9853FD5A09956F6B752499890AA4A7D440A1BF1CEE52815A993EAC0772EF78AD2539EA0E58B4B970B194B67EF520A7F26BAA9C376FC9780F78F46CD2D497EF0C528154EBB7A8612779328726106485B40EE94232699CFC4892EE6C7EB41DBE54BDABD8261EB53C17CE9EB84841E7A70DAC7F3F7D1A228090C08D4F94E51EA6B0C228B53FA9C0C26E1EAB97E0A108C139264825B0602C20D0E887DC4C02A6C7DFD9294543F1F6AA57F2C9DB6C8A6F2671F3D9211F2C67C76B6379ABDF1B0A7E3CF6D3E8E3C7D300CB3D200F664B4E96CB9998E6BE2CE7ED6BAF71A9C7AE920A64321F206E11BE47A0DBB9966B4F647CA8D3FEE4F1D055B819B204B9ED8DE40E69476EDCBC4F05F6B76B40339D306B79B02E2A10CB4B003918F152E51B85DF1CCC4FF8F2F9572007FB2A1D06723040E62D39FBFEF26F1E177DB7D2FADC6F1E4771ACEF320179DC43C68E12B1C9D090D79F413581DAB852870479D1931EB2F0F620A50BB171EB5081B2DD4A4933D186BBA3BE7D2618929930BFA765B7E087973C5C324F3CCB1BADAF8A7E7763B16A6DCE20EEFBAFA306772135910057287D70A4CB55CB8CD35637CDFC1E2ADFB3D64E3805D2420BE5CBA95D6600C0742254D504FD5894054B4CD88DAD0C96727B94FDF3C951BE785BEEA63B9AAFE5B8E3590E1B121F32BC53775DD750C3B39E952AA8E95796D5D212370C58BD83BCCD06A093424E537A3341CBFD045634C4FDB5925E19345FB77E70D2DB07CAA21622C0202C3D1DAEC7D51B1074F927725CC25BA25AC59F93EE9AB9CDCC030D403DD5783F4D1B1E1230D68A62F293D51823E55B11E63EDCCD2BB9583472319CC9262CAE4AA96DFEC77BF4638DCBBC2F1962CF186D0945F8BE91ED0AFF6EC1CF1BED3D6C749BEDC1B41A34734519158EE5F00B081A336346B6D42B3CB018C1AEBFB0325BBC75B6A8E097ABE0EF11BAFECCF848D7CE666BCDD9768EB8923650993D64E0862CC0CB837A185A268E6804B4679E9FEF7BED8778756617539DB728B8C5D158BC785DF0A942D59649E7FD17D74AE343BF4E4ED70731FCB1AA9359F3603D66A332A665FD218AA4B8CE0BE5556565310DB36363E74B5B5E54C7674987D21B4B2EB96792BCBC58279ACC8E58DB340AEF6CBA559576727F1410B9D8C15CA2C1AED340FF05361A4831C98DA502E3D554A0DFA5F029C90A24CCE7BEC177F8CBC1186B07050B82501CC4410574BDC05645B064A0025C376BF9A2B610B0178911F9AEB576B95E2F7764AE4677B5787F71116831555A72BF1E0790187640FE94BA3CE575F0005CF846611441E5301103077B5A2496127F730DE526BF2787394105AABDC8C7E36ABCA0A8B665B01C1E30821D6EA1390FF64368ECF9A74FF3B5351E250D42175602A5E3D3F6980F5B89A6D5BE53669C6E8FBA8927E6F6F16BC2BCB2D5DE6DE666B74F3394F0EC1F27DE4D21A05B54A9409EE63C25F6D1E1481E4C8F74643226289878ACD504733D5891DBFDCBE0F5D19B12AD9D293D5D5D71DE115112960B675FDA39BF1D6E767E37AAE3EACA3E26CC6E207E5E34CC9006A34F8E998A2175365D51406A9EE2E1F698774DE69DAF96AEF39FEEC734E6C15251EE54205AF0418A48D2938A73375679A7BCCA26F468E812B2A21C33807BA6FC0A6B0F76DB110AB8712A507953E6108633B13F79BC5C2E38684B388416D7C00DD95D5F699F7AA17185907629F083A075F79931D317C3F65A37E8B4B05F5C3602B370A1217FE49526E4D8EC9E50BFE136AD9B4B814F0F9EA721DA2C33FF784D1E0C82EE85818A93B68E155FCF4B9B76BE6270FD78EC45DCCD2C937BDF1F22A44BA423E65A3B180087542564EEF67E460115688DAC26FB2067A4A0F35EA36978FFA8222D919E29CD2326A5FD5EF7478E8D9F9AE490207E89E978764B4E4F3D7B5832FC1C91B81A1215D267941AC443344FB9165A7DBD916543421736A97D666F5E1B7E9BD2E46F4A61278ABCFADE864EBDDCE31F0F059DC2BC6F807122834F360399CADDDF8FA002DA6EFB4EA1CC52AFFFFB20A17706C0C82A780B32474179325CD38D32642B473C114D541FC59D27D2A30B6E669F3DC97236A34C37F249DB118FEB500DB6E0C2F97AAF9B837E636F6B7167CEAD5E986537281B37DD54D536663EC2E99D6AAAD90D98A3FBE111C80DE33A30446F177A917965361FD59AC88B06605AFA85ACE579DC77864AF212A5EC069CCE271842AEE9DD862C4841B76AFFFC660179318809F36580C219E0B669519BB3B6E6EED36FA61165E85B1F65229C8654A2FC83A706EA11140D59EC722A15388A4C7FF6476F34807204EC6C99FFDED99A9FEDE4FE6D3454FEEFA3215259A8D6FA9F08B95902B8C7263850D8C0C113AF47EBC676C0EB53650B50B8EE564AFC99452D152A90220F16FC92E056B09E0087ADE87CEC1DB33D110D3DD0FE6DF0B79E2055717D13A59287893947C1CB1EFD6B5ABEC3FC9993873C0D024B46AAD5B4FC01D416B5108DEE7E0480E458980A2451017E144E06392F1B6C8FCCB46524F6C46AC07C7D1191952A25A9B3BADD31FDDA93CE029616AAEDABE3B59AC8E9E8A6606BB3F48EF5663E19DAE73F3D5EC5FD22A9E1A7F5ED48A28F44A5A01FC8C541360C312112866F873B8E57F61D3DFBBD43E7CA3991FEDB11633357B2D8DBBED5E92A3F74B8317DDDFF0ECF350363C93C9A97B67B07B241329F899231AB41969FB4FB16D4EFBEB6F61881BBD55CD958DD3E2F2EB12541373FF7950197C3D80F6FA4B0F4DE7FF8E2A6FB117ED9370E0B5D299112C14627B01A5A7F98D4E3162F85B807598216BF9D861FB08CA37E93819E91098A8959246A7916BB656D3936C157C147546994E7743DDDE45493D33DCAD8A2B851D0C33F9F6805DE588464A77CA7021B3783C08591B2BFDD83D573816E546192C98987C176AF9732A323FD021F57DB985E4D6FFE8967218DF6A58D3CF7185BB214316250D9492529BD0F08BC852522A26535A800DB2F859C80496466738FEC67D4FC0BB5DB8D91B34600CD3814A4E7572DE73DC3881953BC116E43FBA838AFCC633A340BC7FB6EB1D85DFCD86C28424F673D80513F341EB83B535543BCF4CD50ACE12C410F9A94DF12D7485086ECEC26D505E227208B5E0FA7647555ADED028ACCA372A645F22FCE6C86E5003D126CEECE8DA39F0477C2DEB9EDB84A5BBBF196DA3495858A589C67810246DF19BF33A1BB4CFEB3172DE4A324B3DF61DC80DDA1FFDD6998B4E1C01FB7B5386DC715FC3C8147ED2FAB5062523F63FFF8D279BB3FA41BB1617D284F056C9CC01538CD19166483AC0EDC40775DE9C7FE9BA4FF817E82005348FA91E57F287ACB25F8EF1A047D47057015A87D46746707598F40050E43EF4FECEF8061ABC30D99060936DF61CA26F8638C8834CBC667BBF055503C4804816547173633489805825BFF4FCA1C50BD9A9687C9269E1DBB7E23A67AF06E5FDDF7D3FDAD1BA7A773F83A96C9EB9DA328FB893DF169CA372EB0C11663A7BD1A6B422402E46C146CA5CE1809F5947E4EE62C6D532FB4CFFEA45850AC7A9733CF9C61BE2A23F8EC8B0FA3C851F66ADE72092257AF6289DD7E1C5992C010AF8C1626DDC159F7495A893DF5483F161220017826B43A091CEAD03AB09BCD4BC61E6A160658DF786942A48B1F5221FAF4193188975AA8DE0ED611EB27F936D54E447926F4446FBBAF9E7592BE3576B14D62D4070ADC6B1C9E3167589C3D6B7863DA39E519878E93932AC0F62693C412D28BE40A6D3D9498D83B0AB6BC96E534A257138C8784BD47E4AD0F0E3CC2DEF2EBCD089BA1EEB15B621ADBCD40F03C1E1D272A404424AC1D2AE00FAA06E48A3C586732CCE9DCEF325C9342E7BEC0F869D0D468FA30A255FE36AD58FCFBB4C2D6F28007D57E6510B5C22A4F490AAFBFF28F9C3D30A403B5715E19B1BFECFB5BD76198D0F55847C4DE314138D90F24B27DEBDAA29F9119BF6B5632052CA5480BB0703961CD9737369B101B70B0752C2F21C92CBD0C1F297F66D3E8C72807F49EAC3A8AFCE8276AA11CE96FCE3057D08CD83B390E865849F33C25F1D102D6F9C858202C218737734D47D84323394A73DC284719FE4431A9A588D23FCE5D43686D4EB0BD1E1B995E28EEC6BB91957CF0DD41609BCD3A495753FFE15D4FA251994157E21BC5B22C76435D5620E4BDE58B90FE6A9C20AA01CE7DC959465FA6999B2EF4BB8571BE213CAE1CD682312A236D12E5BEF70BB9D45D5632E4A4BD72E613E76700C555CB6BBF667CA2BE154FE30EE7A5D090863A9BD4E347A3F203834FDD33F63DC99C7ACABC4EDB7E2D2F191AC9BFDCAA0CD9A00BB63BE0587C64EF4A9118F416CEFCD62D823D6AA2C764D1086F8256F90EEFD9F7E23A703BFE82C1DBDDCF56E4E9062B1258FA541BC53F1C7D9A64AEC3538487F1B98FB30D607EE18B2CA6CD6AC461B3C9163A11A10B3EC5F4A6506844CF4D807CE6F7BF42BA84A692E2AD8CA4FD5E7E635C3FD82DFA653F0D6F42718DA21C6D48711B2E6BFC9269AEB4F734DE10CB158E9532A88E65C12F4CCAAFAC291F2CBF9419B63D52E82A28F0DA3BCAD042EFA4681EA888317F1A7C8444E1E633FEFCA2341481A002AEEB7B72219254E0D10415307E5DAC84DF5EC5BC9C9E6045DAB61DABAC1C582D48D7EBBBEC68D14A007068CA3086BBE6879658F394D494BD7DE1B7B8FE0DED9C338C57F783E21E3F3A1C8FAAA3FFDBFBCA1E59D8B473D325984984E98F4313D58AB0072DE53A2C2BF93F8262BAC37A5908A71978B6F85632A6CD38027A2E13237B62B7DDB3758DD27B0D8A75DF3CDC2CAFE4A6BB35E90C384335A5A08D88FF92ED16CFFFD76419209F208A668856E357AF5CC88DF12A72AC0CF1DEA8E5417CC72AC87B3897D6E5F4AF9D889B63123C69EFF97EE99ECE2EAD20F9223A19E5867E9C7156BD1E971084F0EC5FDCF5C05E0E97981BBF18D43F09AB19EEE46ABB63ACEA09A8C98F28355561E024344FFDE13B553F77E71203D9C79CE9D72F922FF088AE69BAAFD51E16A14D7E84807DE2C7A7D715D5C4F3ABDC7A6E2F56F1D9C4B5B5C8A4A94B40E0EEEACBA92F8170BA61929340EF9260C2B79E5362E1FAB50E33F1334E976AB647C79F112B5DDC4787DE4EB15A78185A636A3098E7B373D99D0A3BA2A10FA061A3B5E8C748B6335E31E327C23B3A98AE98240CA2D1A58FC335E24387C5DA0C99EB7B24014E40AB909C7CDFAA02FDD8DDCF3BD4CF64C4739ABF8191A649695BA154B44BA605F187B12D6E4450EBA56BBEEBD99B4E2FD9A33ABE7357876BA4557203F992695F971EA213FEC99477C936970A88F24E6CB7A392D19D17C8263FA8C0F4B731CA67F90D6E4843482FD87BF4EBAE5101DB7C2A60201B12805BF05F85810DC1BA19B9BD84D8BA839B4F00827D0FC0536DD066C4F63603257470AB3BA8FBCF6700EECBFAFF6D3CF46AEA09D71222C54EF16F677BEE5A862FCA0E0DCBBE29FDE861D124AC7CD77753147CDC46699238251C234105BEC62048DD81646EC8249CD081610419373A16413806A328191E2AA2C3110B325366878C20ED8EC761FBB4F9C75908B3058FEB140A166EDE4DEB74758467087D6FC88A4F6B07D828E135B971703A0D35221C19618993F70B90B3ABB2D6B756B3BF2A55BCC2C42A243CDB83BAB0B52F05FD8AC03FFBAD0F75909CA8C9F3F043A7FA1DFE26F337EEA9EF5F19047F183067384AD4C3539E11E1DAD5FD673A9F2CC8BEAAB5AE7457D1F7594ACCE3EC68E4F71DEBAFC352042C1BE05B3C44490AAD0ED85EDC2716F2D8DCF1131160798690EE881C31CC5C7337CA9EB1AC757465B24F4BFD98BF55547FBD43D3E4625D4976B65D6DE4A4CF637AE68EABD39A04B7C17F62BD4DF5B7890830C63D3E8C23172C338B9A70E631C2B62642EFCD1B6A469F7CD77F74891BD271F8671A4B962295FFA6282DC81DFA3A304C60C8CC2DC8166C257B720246EA0BB2719C0A963B42B238774520A8B0C5DFC8B4D542C0372C8B23EBF68CA5FF274A7BADF277B6D8A960DD3ED5B62FD526A98FE69F291CA0729EE796CC1FA2488D94CF37A9809AFBB2204090670CE9A470F57B8AD7E0D05E7EED5CB9274B6959BC7F5D4DD7D84C185ED1410794578577802244F558755524ADB71E27ADD1000B9D39D8994F4BDF9402D0EC44D8CAE024D91F395019586FD2C4E48BF295FD59C84D786C99D2C99ED764AA68AA78293018A434B62CE41C0D493C9C6B717FEDE57BF7B25F236AA9CA353927E2B338DA38A0130396657DFA00ADC3ED2DB43431F72B0212F0EEA11CFC529A495D4A84C6BE433848E9BF322A6CFE5C6DDF465F7B1DAA75076CA60EF55AC6EDFD8756FE1E6C669DBE0EE555E77C8A73C81F6D24772EF6DF095AA29CC4D4DEDAAAAC3462D3FAD4B38EBC78595BF41A5E3E1409AB539B6D2727FA593FFD75B07AF990FC754761D2C07B78A5FB51964B69CB07C18FC7427F0FCA4400EE2529689386DEC19900840D6E5BD676DD8248736BE267A7BF74B3C6519E199F262905AEF8B4F834CB20D88156C095068C74096EAB5EEF56FA46FB8B7C93D8D72EDF67A47D78C51E29ACC90CBFCFA3A96B9C8A6E40B20519E256B7837DC07C9A13BA5671AD3CFD8C6EDCDAD7E4BED2EFB776B7D066AF4335A07F8EC8F14FAB43FDFD47023AB92379CFC80E849E56B2E8D316AE6ECA852E62D983CEDEBFE414D8261B34931B9CFF1133FB5DCDD12E3158A603F5E7D4A0C401B318A100F8255230BEF4B5CB8F7133F7798D83B55F56BB67953A3EC67B2FDA5CE236A7873F093A9E47C29A1DF0C52A7FF1D0856463DCF0D33D1689A73B8207E28845BE3B370891639D279E7D58DAF73DE7682F97763EA297E615F6EC992D566EC84613AA4C9789BB7DDAC0A1ED279F4983380696E5BD6779ED15A53384A52C93C9EFDCAABDC5C9CEA6FE37978D5BEF15D6B11DAAA2835F87AA5101A600A5C61CF6AA0D8D33F9568B93EF0D5325BA52011F689B4FCF0079CA2DBA1916BD6FD9144C3361849393CFAB0A9FF51CFCF48BA7F3B11F907E9DBF3167FC19AE4F5B144205580A2793F69949695480460C2CA16796B1B04371BB492FE6D105C18BB82B56634A659A3F648CFC3FDB8379FC41B3F03528EA09EE3D23FE0D96FE693FDB3F06C46BF42BC7F34EB1D0989A227CD76D37C132A8D2880DA5F013F862F1B8FB816437F79AFC8041B977B1692CA77D78CF208A1E7583BBC6175F27FE2AA0C748DD2BF6FE02BAC89FC1BCA9B0A59194D2C052B0F05080412CC596E75348FB280BA89E39BD38DDD2A3453CF189D35954A07C7607FDE67D1EEC79C5C488DC37B5F20FA4AAA5A95349E9E3ED765E215613639581CEDFD6A3472D1B83E9A78DFBE4E48B65E73FAB98E212E31B3A3E269FFDD73F3CAEB8E4C1CE915E1250DFB0EC33D6D9B6E3EE36C6DA97839D1A8E3B8AF09431DA6D0B88C4A0C592768CABF98EBF21C61779A56DC86541A7ABBBE75216C736D0EF17F2602A242F82FD375148B69772A7B1FC19FDEF63CB739C462F2657003ADB693167DAF04BBEA247C9997570B4FB7E0EFAE187803039BF231F3C676F143C3E5697782392FE9877AA77AAFB18B89420C179858847309272CD70F77FE9D9A4AFB577A5BC6D222A3B4C266AC788525ED7A7C74941559A6EF2BE98BA243A6D82BBFBAABEA4C6A64C4F6A7A0976CD6E248C565487BE4EDC96FC4C43E1FE06E649915BA6EF3925DAA7C79B5C73E2F2998745578C4536BB83B9F481A02F8E0712A36F26C749DF5C5FAD952C4E9D5D5E72F01C59B56D24BCC41B3C21741E5C5CC8C84CE874A339AA5077FFB6463D69AC920F1E34AFB66A1B01FA952109E54C05984963CD19E34707BDB66BBCBCCE3E8CF55036E11F11CCFBEAD2BE908FBD3574FDD9810249E9E2E0A9F5C98143DD1F37BBD2F202632EA45F67518A8916E0597B6A0ED111E0D79402B336A20551DE1A5A67ECE3695756D3E7C93F9B98BECCA9024066CBCAA4A649BAF359B86C1B4AFBE9338D9505F16FE36842CE675CE23C2DBA72DC1C75146901D626287E62C4AB6188ABF96C69F047B76626D9234625BAD3FC40A41069B931313732302A367F7194375B242AC1DEC3CE11FE2B6AFC741CD3D2BD7339F31F0A07CC21B67644BDC982682DF16582DBFEEC1A9AAEEB6CA74BA1F329B7489E5F6147F3EDB33EAF2FDAE6EA03010C7F6EC79846FE38EE049F6BDC523D95EA71400B311714F7D6F8043DDD8137393226C3879F45E999271D4499681F6C9D9946FCA9BFD982E418B837C14C117099603DB57DC48379DEBCC66484D798752666868796C5437F7BB7782E4E0A78FD7F07504493FA4550F77F58E44BFAADFBFB472FF4B183BA5FFA422AA8FA5B74D0EC5420EA1AC1904C17644C05C2D851C4CC5D902AF484F0049DE8C508747F30CEFBB5E4CF1A52FA09EB91AAD2D23D0C06C5416BB17BEFFBFFC120F02FFC85BFF017FEC25FF80BFFDF01411DF917F0BBD009, 0, 'image/jpeg', null, 'http://localhost:8080/api/images/direct/66');

INSERT INTO virtuallabs.assignment (id, expire_date, name, release_date, content_id, course_id, creator_id) VALUES (1, '2021-09-10 12:44:41', 'Assignment1', '2020-09-06 12:44:50', 111, 'c1', 999999);
INSERT INTO virtuallabs.assignment (id, expire_date, name, release_date, content_id, course_id, creator_id) VALUES (2, '2021-09-10 12:44:41', 'Assignment2', '2020-09-06 12:44:53', 112, 'c1', 999999);
INSERT INTO virtuallabs.assignment (id, expire_date, name, release_date, content_id, course_id, creator_id) VALUES (3, '2021-09-10 12:44:41', 'Assignment3', '2020-09-07 12:44:50', 113, 'c1', 999999);
INSERT INTO virtuallabs.assignment (id, expire_date, name, release_date, content_id, course_id, creator_id) VALUES (4, '2021-09-10 12:44:41', 'Assignment4', '2020-09-08 12:44:50', 114, 'c1', 999999);
INSERT INTO virtuallabs.assignment (id, expire_date, name, release_date, content_id, course_id, creator_id) VALUES (5, '2021-09-10 12:44:41', 'Assignment5', '2020-09-09 12:44:56', 115, 'c1', 999999);

